FL round,Epoch,Client 1 Epoch Time (seconds),Client 1 Training Loss,Client 1 Training Accuracy,Client 2 Epoch Time (seconds),Client 2 Training Loss,Client 2 Training Accuracy,Client 3 Epoch Time (seconds),Client 3 Training Loss,Client 3 Training Accuracy,Client 4 Epoch Time (seconds),Client 4 Training Loss,Client 4 Training Accuracy,Client 5 Epoch Time (seconds),Client 5 Training Loss,Client 5 Training Accuracy,Server Aggregation Time (seconds),FL Round Time (seconds)
1,1,9.071258068084717,3.2677002222547817e+27,0.986838698387146,9.22521686553955,2.457000352520153e+27,0.9860402941703796,9.514900922775269,1.2989377846121488e+28,0.989105224609375,10.46364688873291,7.55064725726645e+27,0.9892082810401917,10.3802969455719,1.07624998880511e+28,0.9906505942344666,0.0001270771026611328,
1,2,11.758971214294434,1.8267096997783217e+25,0.9905217885971069,11.037305116653442,1.7761007258767983e+19,0.990032434463501,8.608675956726074,6.0944203135585786e+28,0.9912687540054321,6.880450963973999,1.2572379781553508e+20,0.9901612401008606,5.987294912338257,3.3393843919348965e+24,0.9857827425003052,7.987022399902344e-05,
1,3,5.456171035766602,2.4254147452698982e+28,0.9916550517082214,5.038502931594849,1.1842901006704697e+26,0.9915778040885925,4.8256919384002686,8.986320307461164e+26,0.985937237739563,4.784952640533447,1.3496739456308037e+28,0.990959644317627,4.513169050216675,8.964466219172739e+23,0.9906505942344666,6.4849853515625e-05,
1,4,4.330690145492554,1.7229547029200176e+28,0.990933895111084,4.3246800899505615,3.0793260562707797e+26,0.990908145904541,4.319968938827515,6.114801102825347e+27,0.9907535910606384,4.3362390995025635,2.056914113063923e+25,0.9898779392242432,4.323570013046265,1.352015945180739e+25,0.9911399483680725,6.699562072753906e-05,
1,5,4.3473920822143555,4.9379625828701967e+27,0.9866584539413452,4.409724235534668,1.7123333395611386e+19,0.9868902564048767,4.507405042648315,3.897666050891905e+26,0.9908566474914551,4.461660146713257,1.0470708589316887e+25,0.9888734221458435,4.60352087020874,1.3835463883651785e+27,0.9880234599113464,6.890296936035156e-05,
1,6,4.634716033935547,4.4452868240904e+28,0.9912430047988892,5.405670881271362,2.488889903083161e+27,0.9888991713523865,4.618709087371826,4.8816372650007415e+28,0.9914490580558777,4.800753355026245,1.6848501638880666e+28,0.9912687540054321,4.622304916381836,1.4176280393134421e+26,0.9820480942726135,6.866455078125e-05,
1,7,4.645267009735107,1.1248529388242905e+28,0.9898006319999695,4.822619915008545,1.6432724187250304e+22,0.9915520548820496,4.6693549156188965,2.641256697941441e+24,0.990058183670044,4.668046951293945,1.2243854881850905e+24,0.990882396697998,4.673379898071289,2.2542380582000507e+26,0.9893370270729065,7.009506225585938e-05,
1,8,4.603218078613281,6.334338607951664e+27,0.9878689646720886,4.61751389503479,1.7572984673441733e+28,0.990496039390564,4.668733358383179,1.8828664282420013e+28,0.9920929074287415,4.642957925796509,3.815039625421246e+25,0.9762787818908691,4.860124826431274,1.5885813803901872e+22,0.9880750179290771,7.128715515136719e-05,
1,9,4.6998231410980225,1.2534869736374468e+26,0.9887961745262146,4.46495795249939,2.5058082514000156e+25,0.9842116236686707,4.473161935806274,7.574155640340032e+26,0.9860145449638367,4.463362693786621,1.4056187293061113e+27,0.9916808605194092,4.479044198989868,1.5307919600873053e+24,0.990908145904541,6.508827209472656e-05,
1,10,4.812692880630493,1.83669785814474e+28,0.9911656975746155,4.584745168685913,7.141492676822246e+24,0.9862205982208252,4.618483781814575,2.9767224313923817e+20,0.9903930425643921,4.6346659660339355,4.004190116666824e+21,0.9898521900177002,4.6393067836761475,7.158458547266484e+22,0.9914490580558777,7.295608520507812e-05,
1,11,4.662503957748413,1.992214358921955e+28,0.9908051490783691,4.617526054382324,2.5881384854814615e+21,0.9861432909965515,4.613429069519043,5.817861649861556e+27,0.9907793998718262,4.612112998962402,3.498434471138234e+21,0.9911656975746155,4.656177759170532,3.1698786387430654e+22,0.987740159034729,6.818771362304688e-05,
1,12,4.673774003982544,1.409006988058239e+24,0.9909853935241699,4.9090471267700195,1.8589033698204897e+28,0.988229513168335,4.7716569900512695,1.0902761523151467e+21,0.9907535910606384,4.774277210235596,4.877955471972372e+27,0.9903672933578491,4.75829815864563,6.2717447027536854e+28,0.9919899106025696,7.081031799316406e-05,
1,13,4.7856080532073975,2.495916489261766e+27,0.983670711517334,4.818450212478638,3.895390608756436e+20,0.990933895111084,4.657984018325806,8.502850139671025e+22,0.9892855286598206,4.669551134109497,3.6282945190765094e+27,0.9910627007484436,4.865657091140747,4.160832067106211e+21,0.9905475974082947,7.009506225585938e-05,
1,14,4.621256113052368,3.0260693026271026e+28,0.9903930425643921,4.627057075500488,1.3095877835634785e+28,0.9910627007484436,4.654160976409912,5.3386413076788376e+22,0.9889507293701172,4.652854681015015,5.2200515214109365e+26,0.9908051490783691,4.6390380859375,2.8356738973801537e+26,0.9903157949447632,6.890296936035156e-05,
1,15,4.614084005355835,5.159505894713368e+24,0.9902642369270325,4.62371301651001,2.7685164042042456e+25,0.9903930425643921,4.64274787902832,5.30771192498873e+26,0.9862978458404541,4.64774489402771,1.1210229335859866e+25,0.9905733466148376,4.606139898300171,3.310424386344258e+20,0.9912945032119751,6.890296936035156e-05,
1,16,4.6335039138793945,4.4653265994675245e+27,0.9897748827934265,4.741256952285767,6.092667878405599e+24,0.9916808605194092,4.821106910705566,3.497118753514297e+24,0.9780302047729492,4.809451103210449,1.9091047228349596e+28,0.9906248450279236,4.823750972747803,3.0852589290845316e+22,0.9887961745262146,7.319450378417969e-05,
1,17,4.83802604675293,1.035162932229787e+26,0.991783857345581,4.788428068161011,6.363257199701137e+27,0.9905733466148376,4.81129002571106,3.61658929248081e+19,0.9912945032119751,4.7575132846832275,1.0798862331330124e+24,0.9910369515419006,4.78166127204895,5.310460489855713e+27,0.9887446761131287,6.985664367675781e-05,
1,18,4.927599191665649,1.1567466214579714e+27,0.9902384877204895,5.167535066604614,1.0625458613581612e+24,0.9910627007484436,4.723336935043335,8.50097761644471e+26,0.9908566474914551,4.6403679847717285,3.1746174974077705e+24,0.9858084917068481,4.64822793006897,2.577081167061908e+25,0.983181357383728,7.033348083496094e-05,
1,19,4.6259989738464355,1.222460948368668e+28,0.990959644317627,4.650995254516602,2.2514886518945874e+19,0.9905217885971069,4.649628162384033,4.3868314237892653e+27,0.988178014755249,4.6624040603637695,1.5100294553430151e+28,0.9898263812065125,4.694658994674683,6.637361031571086e+24,0.9846237301826477,7.104873657226562e-05,
1,20,4.796528100967407,1.2488123765712382e+20,0.9913202524185181,4.782855987548828,4.69465736488262e+18,0.9905990958213806,4.785924673080444,3.2816662079208014e+28,0.9914490580558777,4.871676921844482,9.952656685111253e+25,0.987765908241272,4.840824842453003,3.535824680383818e+26,0.9898521900177002,7.176399230957031e-05,
1,21,4.987145900726318,5.575766580638192e+27,0.990032434463501,4.802423000335693,1.531357104915041e+26,0.9884871244430542,4.967278242111206,4.1506812350210947e+21,0.9902384877204895,4.788985013961792,2.5287287459633414e+26,0.990959644317627,4.838670969009399,6.629589372175972e+26,0.9907793998718262,7.128715515136719e-05,
1,22,4.833501100540161,1.4277181546790302e+25,0.989568829536438,4.8133158683776855,3.7658051646078836e+23,0.9874826073646545,4.883146047592163,1.2906565691913966e+24,0.9887961745262146,4.836711168289185,1.5983686105583498e+27,0.9908566474914551,4.801334857940674,3.8986754048461506e+23,0.9889764785766602,7.200241088867188e-05,
1,23,5.117755889892578,1.0701851192476862e+24,0.9900839924812317,4.842206954956055,1.8253571975337214e+19,0.9861432909965515,4.849430084228516,1.3148072971778323e+28,0.9888991713523865,4.813652038574219,3.588771263093942e+27,0.9902642369270325,4.842165946960449,2.6879663903633836e+25,0.990444540977478,6.794929504394531e-05,
1,24,4.643896818161011,3.324205845979511e+26,0.9907020926475525,4.659553050994873,6.990990852646502e+16,0.9911656975746155,4.637484788894653,6.218252804773952e+27,0.9875856637954712,4.649463176727295,3.640551716430703e+27,0.9901354908943176,4.680959939956665,1.0978622069304737e+23,0.9846494793891907,7.009506225585938e-05,
1,25,4.786273956298828,1.555978435398823e+28,0.990908145904541,4.8006861209869385,1.5744507051546445e+25,0.9893885254859924,4.836231231689453,4.580991521732451e+27,0.9865553975105286,4.806963205337524,1.4254835622188012e+25,0.990006685256958,4.894327163696289,1.1323865153170172e+27,0.9818935990333557,7.176399230957031e-05,
1,26,5.061037063598633,1.4735045183847935e+27,0.9842631220817566,5.024747133255005,1.5714990831405844e+28,0.9900839924812317,5.082395315170288,8.222513500007942e+25,0.9822026491165161,4.98273491859436,1.0396836573531869e+27,0.9870962500572205,5.027486801147461,1.7346139896478986e+28,0.9905733466148376,7.390975952148438e-05,
1,27,5.037117958068848,3.984552916082409e+28,0.990882396697998,5.053550958633423,4.41629781696828e+24,0.9905475974082947,5.026695251464844,7.589289791899961e+27,0.990496039390564,5.010730743408203,1.525249760576466e+28,0.9907020926475525,4.99684476852417,1.7296031751172972e+27,0.9885386228561401,7.295608520507812e-05,
1,28,5.018326044082642,1.63254053987211e+26,0.9910112023353577,5.406156063079834,1.9816194935993127e+27,0.9893370270729065,5.04852294921875,2.2887354987597357e+26,0.9906248450279236,4.831392049789429,1.3287243078912578e+24,0.9906248450279236,4.863632917404175,2.221661984386223e+25,0.9916035532951355,7.200241088867188e-05,
1,29,4.894853115081787,1.871120080944549e+19,0.9914748072624207,4.7968950271606445,1.3379074611837616e+28,0.9905990958213806,4.870105028152466,5.358599297657906e+25,0.98634934425354,4.883198261260986,4.059605958831305e+27,0.9897748827934265,4.91196608543396,1.4748616084528081e+27,0.9907278418540955,7.295608520507812e-05,
1,30,4.846811056137085,1.291678442667062e+19,0.9911656975746155,4.820480108261108,6.458837103227699e+16,0.9817132949829102,4.8109071254730225,2.7254573833087454e+28,0.9899036884307861,4.77687931060791,2.125624489545041e+22,0.991346001625061,5.143618822097778,1.7071739087355904e+17,0.990933895111084,7.176399230957031e-05,912.8724370002747
2,1,5.053578853607178,4.952586571276023e+28,0.992247462272644,4.970855951309204,2.2754668295344927e+27,0.9894400835037231,4.992784738540649,3.1079673565633367e+27,0.989517331123352,5.011955976486206,4.58060829869477e+23,0.988615870475769,5.014265060424805,1.1170546570304833e+23,0.9910112023353577,7.414817810058594e-05,
2,2,5.012558221817017,2.1088432194878016e+26,0.988229513168335,5.056635141372681,6.509368399272744e+27,0.9893370270729065,5.003074884414673,1.1148901622553804e+28,0.990933895111084,4.989622116088867,4.330689532964181e+25,0.9916808605194092,5.0393760204315186,2.9036691051659835e+28,0.9911914467811584,7.295608520507812e-05,
2,3,5.01796817779541,3.6533651200122066e+26,0.9916035532951355,5.01953911781311,3.1964316369660605e+24,0.9913202524185181,5.032050848007202,1.8517348174994936e+28,0.9911914467811584,4.981704950332642,2.2218907701295974e+26,0.9910884499549866,5.009440183639526,7.338185037723092e+27,0.9900839924812317,7.200241088867188e-05,
2,4,5.2021262645721436,1.9328373240363227e+22,0.9887189269065857,5.535627841949463,1.213120436278765e+24,0.9903415441513062,5.033435106277466,2.2015021742007366e+27,0.9865038990974426,5.02872896194458,1.151703842409239e+28,0.9902642369270325,5.08747124671936,4.7153912524265416e+27,0.9869417548179626,7.200241088867188e-05,
2,5,5.0141167640686035,5.195435448249216e+27,0.9877916574478149,4.911606073379517,3.189911865857509e+24,0.9838510155677795,5.0502073764801025,3.6654542306344003e+27,0.9906763434410095,5.004611968994141,1.1176591842156644e+24,0.990006685256958,4.997922897338867,6.233210310312631e+27,0.9898006319999695,7.104873657226562e-05,
2,6,5.012511968612671,7.511732596264362e+26,0.9848297238349915,5.0166120529174805,1.1593986176197282e+26,0.9894400835037231,5.043134927749634,1.1772623523469882e+28,0.989594578742981,5.056286811828613,3.078931000799697e+27,0.9907020926475525,4.971710920333862,5.0492047875629866e+26,0.9907020926475525,7.390975952148438e-05,
2,7,4.9979870319366455,1.3329981775325418e+27,0.9837995171546936,4.972609996795654,3.084861621525405e+23,0.987740159034729,5.128731966018677,1.7038900534320048e+21,0.9860145449638367,5.223237037658691,1.9746710920899812e+21,0.9862720966339111,5.221250057220459,4.383612717824122e+28,0.9914232492446899,8.106231689453125e-05,
2,8,5.17556095123291,1.772747098997071e+28,0.9907535910606384,5.22947096824646,6.056255158525601e+24,0.9807603359222412,5.180048942565918,3.70059725849871e+19,0.9894143342971802,5.252394914627075,1.9482602245276733e+28,0.9908308982849121,5.205039739608765,4.091702740117237e+25,0.990006685256958,7.414817810058594e-05,
2,9,5.236234426498413,6.008854795247e+19,0.9874826073646545,5.163734197616577,6.552487147036206e+26,0.9919899106025696,5.228451728820801,6.188698464436723e+27,0.9875083565711975,5.167457103729248,3.6734522955298505e+19,0.9893627762794495,5.161809921264648,1.4651236091891915e+20,0.9890022277832031,7.486343383789062e-05,
2,10,5.216476917266846,5.683741608701111e+25,0.9911914467811584,5.238585948944092,2.2192473517038348e+26,0.9866584539413452,5.192319869995117,4.042047241017304e+26,0.9912171959877014,5.205641984939575,3.5271889478261755e+27,0.9907278418540955,5.156316041946411,1.5517790901352224e+22,0.9915520548820496,8.296966552734375e-05,
2,11,5.666885137557983,4.490659749901107e+16,0.9915778040885925,5.048360109329224,1.0681054650261576e+24,0.9902127385139465,5.052371025085449,8.271768151359154e+25,0.9901612401008606,5.077208042144775,5.745900218700484e+25,0.9866584539413452,4.983201026916504,3.3646163903520236e+26,0.989543080329895,7.295608520507812e-05,
2,12,5.005397081375122,5.12151128720805e+28,0.9905990958213806,5.148559093475342,5.490134020257723e+28,0.9906248450279236,5.029721021652222,1.928449496826092e+19,0.990959644317627,5.064095973968506,3.6900103149843935e+26,0.9913202524185181,5.091529846191406,7.242221958148915e+16,0.9879204630851746,7.295608520507812e-05,
2,13,5.084351062774658,2.068909108397853e+25,0.9906248450279236,5.217786073684692,1.3641630973302392e+24,0.9919126629829407,5.224694013595581,5.070922323828406e+24,0.987250804901123,5.205903053283691,1.455675666450577e+27,0.9896976351737976,5.228494882583618,5.887485424117272e+21,0.9903157949447632,7.677078247070312e-05,
2,14,5.252350091934204,4.9516138560142725e+25,0.9873796105384827,5.1853718757629395,1.1112175415534484e+23,0.9911399483680725,5.217180967330933,3.6251748057187636e+27,0.9901097416877747,5.191571950912476,5.152311664524621e+25,0.9896203279495239,5.2078492641448975,4.892428720393945e+19,0.9913202524185181,7.510185241699219e-05,
2,15,5.2158098220825195,1.066292864318584e+27,0.9809921383857727,5.238087892532349,3.751555578304922e+16,0.9867871999740601,5.197812080383301,4.908027889116912e+25,0.9916550517082214,5.212238073348999,6.62025614401355e+23,0.9899551868438721,5.163902044296265,5.558880578687071e+27,0.9908308982849121,7.700920104980469e-05,
2,16,5.190526008605957,4.195139081692636e+23,0.9915005564689636,5.211452007293701,2.479349336976116e+24,0.9914232492446899,5.231455087661743,6.108361090141937e+21,0.9905733466148376,5.204958915710449,7.513204794015397e+27,0.990908145904541,5.202238082885742,2.662282250719795e+26,0.991371750831604,7.891654968261719e-05,
2,17,5.150511264801025,2.687548571610114e+26,0.9901097416877747,5.184325218200684,3.5931887417907616e+27,0.990959644317627,5.249481916427612,1.7465858667493374e+21,0.9905990958213806,5.223235130310059,1.094862133764882e+28,0.991783857345581,5.176613092422485,2.8165133454764655e+28,0.9906248450279236,7.605552673339844e-05,
2,18,5.176231145858765,1.813568769644103e+26,0.989980936050415,5.173053026199341,2.341525446476581e+28,0.9914232492446899,5.204131126403809,8.256540548593748e+26,0.9913202524185181,5.780557870864868,2.17529503246917e+26,0.9889764785766602,5.297430992126465,4.808647438925607e+26,0.991809606552124,8.225440979003906e-05,
2,19,5.3174028396606445,1.684468950853737e+28,0.9919384121894836,5.197700262069702,1.84708175174476e+28,0.9910112023353577,5.213701963424683,2.4657234488577287e+27,0.9860145449638367,5.184992074966431,5.605460515670867e+20,0.9907278418540955,5.279748916625977,3.928036136228033e+24,0.9906248450279236,7.390975952148438e-05,
2,20,5.2564170360565186,1.9263683960455482e+26,0.9897748827934265,5.296566963195801,8.57959247459852e+27,0.9910884499549866,5.200731039047241,1.6633108600638878e+28,0.9897233843803406,5.201754808425903,1.7021404004101214e+28,0.9908566474914551,5.217854976654053,8.379809546051449e+21,0.9915263056755066,7.700920104980469e-05,
2,21,5.263054132461548,1.251917653778864e+28,0.9893627762794495,5.2735841274261475,4.6266210927252735e+27,0.9905733466148376,5.254834890365601,9.766253516838039e+27,0.990470290184021,5.232670068740845,5.259941498665689e+26,0.9888734221458435,5.195921897888184,4.2287911270979994e+17,0.9921186566352844,7.700920104980469e-05,
2,22,5.203212022781372,2.78992169503975e+18,0.9867871999740601,5.222308158874512,2.6395501714526395e+21,0.9892855286598206,5.240199327468872,3.8328757370346993e+30,0.47241538763046265,5.230983018875122,1.0907586334095924e+27,0.9851903319358826,5.245093822479248,1.08668026120908e+26,0.9875083565711975,7.510185241699219e-05,
2,23,5.233177900314331,4.4927148493286426e+27,0.9903930425643921,5.211287021636963,2.0324582268160523e+24,0.990933895111084,5.186192035675049,2.939132459803371e+19,0.9896976351737976,5.2238709926605225,3.082848093116773e+26,0.9912430047988892,5.242566823959351,3.2465985489870076e+26,0.9900839924812317,7.915496826171875e-05,
2,24,5.293006181716919,6.2975679013328e+26,0.9906505942344666,5.19559121131897,1.7375846136534794e+19,0.9912687540054321,5.194855213165283,2.10813209750376e+26,0.9775923490524292,5.1596269607543945,2.0637081540527116e+28,0.989980936050415,4.999813795089722,1.3956686662332168e+25,0.9889507293701172,7.987022399902344e-05,
2,25,5.055430889129639,1.3941895693998986e+28,0.9903672933578491,5.05661416053772,1.3280929669224136e+28,0.9902899861335754,5.0061118602752686,1.8612046970667541e+28,0.9910884499549866,5.017146110534668,3.73396300315394e+26,0.9898779392242432,4.97530198097229,1.6671657702513657e+25,0.9866584539413452,7.319450378417969e-05,
2,26,5.205811023712158,1.5989182674349094e+22,0.989980936050415,5.217148065567017,1.7187213374864491e+28,0.9912430047988892,5.2397260665893555,1.2205299284416369e+26,0.9865811467170715,5.198482990264893,2.0732936611111633e+19,0.9911656975746155,5.2899558544158936,8.145066733824157e+20,0.9902384877204895,7.700920104980469e-05,
2,27,5.869325160980225,4.4501614274015925e+24,0.9866326451301575,5.25082802772522,2.6300485798354403e+28,0.990058183670044,5.372467279434204,4.1369721370178906e+20,0.9915778040885925,5.52300500869751,4.852693172472261e+27,0.9896461367607117,5.518916130065918,1.4873841437737577e+27,0.9889507293701172,7.700920104980469e-05,
2,28,5.427060842514038,2.0504524713352965e+28,0.991371750831604,5.453713893890381,2.2059625969177595e+28,0.9901097416877747,5.444360256195068,3.9059036289254607e+26,0.9915520548820496,5.485223770141602,2.559144608278394e+28,0.9905733466148376,5.5503480434417725,3.5259348736004404e+25,0.9913202524185181,7.700920104980469e-05,
2,29,5.4955198764801025,9.433687940831669e+27,0.9879462122917175,5.237105846405029,1.4278599640240968e+25,0.9898006319999695,5.261030912399292,3.58012472812297e+28,0.9916808605194092,5.24589204788208,2.643240746723661e+27,0.9897491335868835,5.214345932006836,1.1461215920194199e+27,0.9862978458404541,7.700920104980469e-05,
2,30,5.250794172286987,3.500349377920786e+26,0.9891825318336487,5.287484884262085,1.5617111521907026e+28,0.9907793998718262,5.193879842758179,1.62266096549767e+28,0.9892597794532776,5.206021070480347,1.3285591807087605e+25,0.9885643720626831,5.349003076553345,1.4733130872981686e+25,0.9893885254859924,7.510185241699219e-05,934.3846390247345
3,1,5.224379062652588,4.155324657343146e+20,0.990933895111084,5.230697870254517,2.7590985776594122e+28,0.991835355758667,5.268522024154663,6.865036972704934e+27,0.988229513168335,5.394235849380493,9.208303813958166e+25,0.9778241515159607,5.196924924850464,1.3094548194321952e+27,0.9848812818527222,7.605552673339844e-05,
3,2,5.230564832687378,2.4701219387211944e+22,0.9786998629570007,5.196298837661743,4.185229879771955e+28,0.990959644317627,5.2204999923706055,3.827812886005342e+22,0.986400842666626,5.237466096878052,3.210298263856813e+28,0.990933895111084,5.266413927078247,3.192158001367842e+27,0.988615870475769,7.486343383789062e-05,
3,3,5.197721004486084,2.2049952496585342e+27,0.9864524006843567,5.217900037765503,2.577534443499469e+20,0.9775665998458862,5.341060161590576,2.078288504941638e+22,0.9870705008506775,5.202332019805908,5.949759116615536e+27,0.9911656975746155,5.253265857696533,8.51886874458692e+25,0.9910627007484436,7.772445678710938e-05,
3,4,5.251557111740112,4.054186571055564e+28,0.9910884499549866,5.189794063568115,1.558895790856384e+23,0.9906248450279236,5.207486867904663,1.2076158240842347e+26,0.9894143342971802,5.14020299911499,2.497818776540228e+28,0.9908308982849121,5.249935150146484,7.731533373322099e+27,0.9884355664253235,7.486343383789062e-05,
3,5,5.191026210784912,2.1424894523360279e+24,0.9908566474914551,5.176305770874023,3.935347805307082e+27,0.9903672933578491,5.211534261703491,4.1580388920132634e+26,0.990496039390564,5.200229167938232,7.310346047579256e+22,0.990496039390564,5.210547924041748,7.109944132770185e+24,0.9912171959877014,7.510185241699219e-05,
3,6,5.2431089878082275,7.698228023045757e+22,0.990444540977478,5.180387735366821,2.5603484575540395e+27,0.9855251908302307,5.159902095794678,7.670287618899957e+24,0.9890537261962891,5.914070129394531,1.1646769804981945e+23,0.9905475974082947,5.2256996631622314,1.2239166814782797e+25,0.989079475402832,7.724761962890625e-05,
3,7,5.186846971511841,6.491152843982105e+20,0.9842888712882996,5.2372400760650635,3.5805980273037156e+27,0.989105224609375,5.2559239864349365,8.524278252286535e+25,0.9889249205589294,5.19687819480896,1.8290367131960738e+20,0.9878432154655457,5.227293968200684,4.5744468382960275e+26,0.9915778040885925,7.414817810058594e-05,
3,8,5.2199931144714355,1.4398881865557892e+26,0.9871478080749512,5.190725088119507,5.806526273202214e+26,0.9850615859031677,5.235421895980835,2.0334510363467068e+24,0.990882396697998,5.271740198135376,1.8406858966395235e+28,0.9905733466148376,5.2375102043151855,1.0221821982327905e+28,0.9920929074287415,7.510185241699219e-05,
3,9,5.209956169128418,1.4135457231990468e+28,0.9903157949447632,5.208775997161865,1.115307383334142e+28,0.988229513168335,5.217188119888306,3.313810736759094e+26,0.990933895111084,5.2394139766693115,1.1717266762966063e+28,0.9892597794532776,5.231630802154541,1.28381960055389e+28,0.9900839924812317,7.295608520507812e-05,
3,10,5.2014830112457275,3.675177562974445e+22,0.9880492687225342,5.2123541831970215,1.6207296356653384e+28,0.9898779392242432,5.181350946426392,5.865757661618251e+27,0.9911399483680725,5.207521677017212,1.698748265535895e+27,0.9910884499549866,5.2414069175720215,5.040541827611091e+27,0.9905990958213806,7.915496826171875e-05,
3,11,5.24223518371582,1.541289886847503e+24,0.9901097416877747,5.040367126464844,2.0076896129158998e+27,0.9902127385139465,4.985757827758789,3.890840037992327e+19,0.9893370270729065,4.980473041534424,2.9784060739655765e+22,0.9882553219795227,5.0036139488220215,2.2360718891037023e+26,0.9791892170906067,7.605552673339844e-05,
3,12,5.0119123458862305,1.2436502658068852e+27,0.9907793998718262,5.053164958953857,1.988044952270023e+24,0.990496039390564,5.003293752670288,3.116577411253229e+24,0.9910112023353577,5.18435263633728,5.250317832282435e+25,0.990908145904541,5.19303297996521,6.013697007314539e+27,0.9910627007484436,7.700920104980469e-05,
3,13,5.201205015182495,1.7907559616386565e+28,0.9901097416877747,5.456248044967651,2.0241224890455943e+25,0.990470290184021,5.226670980453491,7.596369786014346e+24,0.990058183670044,5.208997964859009,3.042824561434927e+26,0.9910369515419006,5.169832944869995,9.920523854852176e+22,0.9911141991615295,7.82012939453125e-05,
3,14,5.190402984619141,9.088866495636678e+26,0.9820996522903442,5.432158946990967,4.029570186143868e+23,0.9910369515419006,5.435930013656616,4.327477106054267e+17,0.9901869893074036,5.471807956695557,8.450467295224401e+25,0.9878174662590027,5.436154842376709,3.176881854150731e+28,0.9916550517082214,7.796287536621094e-05,
3,15,5.62248420715332,5.674150593054867e+27,0.9862720966339111,5.414151906967163,2.3832626105852474e+25,0.989517331123352,5.381929874420166,1.2176961025073727e+22,0.9819965958595276,5.215830087661743,1.4399194906804823e+27,0.9913202524185181,5.226209878921509,6.757525806468493e+27,0.9901097416877747,7.486343383789062e-05,
3,16,5.266402959823608,1.154421570776491e+25,0.9896461367607117,5.172852277755737,1.4706280303916912e+23,0.9888734221458435,5.200217008590698,2.9815437028588127e+27,0.9905475974082947,5.322430849075317,2.7171840730095817e+24,0.9844434261322021,5.213608980178833,2.1190868735606757e+28,0.9914748072624207,7.605552673339844e-05,
3,17,5.260267019271851,2.1369237240031226e+28,0.990933895111084,5.258410930633545,2.0529805178284303e+24,0.9902384877204895,6.036075592041016,4.563052254966907e+28,0.991371750831604,5.2502100467681885,4.174754438699269e+22,0.9848812818527222,5.211460113525391,3.298684554192605e+27,0.9910884499549866,7.605552673339844e-05,
3,18,5.21092677116394,9.862015287691148e+26,0.990496039390564,5.048794746398926,1.491893454974262e+25,0.9908566474914551,5.062117099761963,7.318848753603739e+23,0.989130973815918,5.0884881019592285,7.288514596760459e+27,0.991783857345581,5.029263973236084,2.125232831188697e+20,0.986864447593689,7.390975952148438e-05,
3,19,5.021566867828369,1.6895676899452913e+27,0.991346001625061,5.010082960128784,4.537405776196019e+26,0.990470290184021,5.035959005355835,1.1050123587683715e+26,0.9888219237327576,5.238168716430664,7.819835768296387e+20,0.9905475974082947,5.289027214050293,2.638176292091315e+21,0.9863235950469971,7.319450378417969e-05,
3,20,5.223394155502319,1.6425646735399895e+24,0.990959644317627,5.208571910858154,1.665626590527925e+28,0.9909853935241699,5.3175249099731445,2.03771129044619e+28,0.9903930425643921,5.234285116195679,6.243099831171476e+26,0.9906505942344666,5.2408881187438965,1.5249860275340903e+23,0.9911141991615295,7.390975952148438e-05,
3,21,5.268374919891357,1.96567508725269e+26,0.9902384877204895,5.2344841957092285,7.399120093634801e+27,0.9902127385139465,5.283367872238159,3.227883294106561e+27,0.9896976351737976,5.452901124954224,5.4384091358928105e+25,0.9903157949447632,5.450775861740112,1.1133085236611053e+28,0.989543080329895,7.915496826171875e-05,
3,22,5.4337780475616455,9.329448193976235e+27,0.9908051490783691,5.483032941818237,5.119998713223587e+28,0.9911141991615295,5.48635196685791,7.231662616969002e+27,0.9885643720626831,5.335554122924805,6.498726350442971e+21,0.9903157949447632,5.18113112449646,9.606291026076365e+27,0.98634934425354,7.605552673339844e-05,
3,23,5.175652742385864,3.212708551852032e+16,0.984546422958374,5.213011264801025,3.631255546142319e+20,0.9908566474914551,5.25499701499939,1.4350432045650617e+27,0.9897748827934265,5.283159017562866,3.9056787704938998e+28,0.991397500038147,5.1972808837890625,1.7358162471122947e+20,0.9892340302467346,7.605552673339844e-05,
3,24,5.000638961791992,4.9744914304399835e+19,0.9908566474914551,4.990271091461182,2.520493012604193e+26,0.9917581081390381,5.006896018981934,1.4870645354859366e+26,0.9888219237327576,5.142897129058838,1.1467543153411481e+27,0.9874826073646545,5.062118053436279,5.0530142823277236e+23,0.9780302047729492,7.486343383789062e-05,
3,25,4.970022201538086,4.903636881497838e+27,0.9899551868438721,4.981320858001709,5.265844456769276e+26,0.9807860851287842,4.986569881439209,1.095077827853987e+27,0.9910627007484436,5.214433193206787,1.6566193848168236e+28,0.9917581081390381,5.23750901222229,3.0369450306963135e+27,0.9903415441513062,7.414817810058594e-05,
3,26,5.214056968688965,6.782862483240709e+27,0.9874826073646545,5.206775903701782,1.2244447195273896e+24,0.9907278418540955,5.205203294754028,1.4105228183541998e+28,0.9905217885971069,5.4079859256744385,2.6901169117874967e+26,0.9887446761131287,5.219019889831543,2.107956668967619e+26,0.9903415441513062,7.510185241699219e-05,
3,27,5.224294900894165,4.472207382580971e+27,0.9907793998718262,5.292906999588013,7.16366231050311e+27,0.9903672933578491,5.277622222900391,3.300954462944363e+26,0.9839798212051392,5.188281774520874,3.086708627716519e+26,0.9831041097640991,5.261236190795898,8.191378177780527e+28,0.9911656975746155,7.510185241699219e-05,
3,28,5.23045015335083,4.2076294216805694e+27,0.9906505942344666,5.255791664123535,2.366399095215152e+27,0.991783857345581,5.317195892333984,5.4685408835308985e+23,0.989079475402832,5.2145068645477295,4.2807121750736497e+27,0.9870447516441345,5.257449150085449,7.573763831495907e+27,0.990933895111084,7.867813110351562e-05,
3,29,5.432683944702148,3.0624190619249027e+26,0.9883068203926086,5.448575973510742,1.89370905968181e+23,0.9903930425643921,6.5227272510528564,2.187219826429133e+16,0.9911141991615295,5.463637113571167,5.186486102595576e+25,0.9893885254859924,5.501280069351196,8.188744782220219e+22,0.9892082810401917,7.82012939453125e-05,
3,30,5.278692245483398,2.747646352561065e+19,0.9885128736495972,5.277352809906006,1.977972203361059e+27,0.9893112778663635,5.205988168716431,2.3264063505542676e+18,0.990006685256958,5.227226972579956,2.9827724035880743e+27,0.9908051490783691,5.239986181259155,1.0016137076381102e+23,0.9908566474914551,7.796287536621094e-05,943.5970661640167
4,1,5.23713493347168,1.9169398371850128e+28,0.9892597794532776,5.304395914077759,8.044189009514833e+26,0.9908308982849121,5.21596097946167,5.084374863301313e+18,0.989980936050415,5.11072301864624,3.6056755365450684e+25,0.9785453081130981,5.037219047546387,1.9833669012074868e+23,0.9915263056755066,7.295608520507812e-05,
4,2,5.043813943862915,8.337979626323672e+24,0.9885901212692261,5.070044040679932,5.373530645713489e+26,0.9880750179290771,5.097019910812378,2.524168895295761e+26,0.9900839924812317,5.017512083053589,2.3832527489558656e+28,0.9904187917709351,5.013641357421875,7.631219683901361e+27,0.9905733466148376,7.319450378417969e-05,
4,3,5.095749139785767,2.346913194396887e+28,0.990496039390564,5.248821973800659,3.7816443981113837e+28,0.9905475974082947,5.258998870849609,1.312211013180774e+24,0.9908566474914551,5.261816024780273,6.039553734695682e+27,0.9915263056755066,5.341513156890869,8.930687878813908e+26,0.9818935990333557,7.486343383789062e-05,
4,4,5.271039962768555,9.51106745742835e+26,0.9862978458404541,5.220216989517212,5.742348058321418e+27,0.9871993064880371,5.231993913650513,9.224187382942834e+26,0.9861947894096375,5.21365213394165,2.214206373057324e+27,0.9854221343994141,5.26662278175354,7.982074144960224e+21,0.9902642369270325,7.486343383789062e-05,
4,5,5.300615072250366,1.8677840456246407e+27,0.9855251908302307,5.1999030113220215,1.172382911838331e+26,0.9805800318717957,5.19395112991333,1.4604261436716116e+20,0.9878947138786316,5.313100099563599,2.485688349358224e+21,0.9787771105766296,5.4803431034088135,8.157922041166408e+26,0.9910884499549866,7.82012939453125e-05,
4,6,5.481829881668091,1.0676190942808e+23,0.9887446761131287,5.482913017272949,4.6084546856947496e+20,0.990933895111084,5.428159952163696,6.03316559955284e+24,0.9907535910606384,5.440122127532959,3.270004884672375e+26,0.9905217885971069,5.485939979553223,7.154438717105326e+25,0.9915005564689636,7.605552673339844e-05,
4,7,5.385868787765503,1.3718991141570383e+26,0.9780817031860352,5.230042934417725,4.914975278811522e+24,0.976819634437561,5.219606876373291,8.169788462694144e+28,0.9916808605194092,5.180243015289307,1.520773547446516e+28,0.9896976351737976,5.32363486289978,3.650748191110934e+27,0.9880750179290771,7.581710815429688e-05,
4,8,5.2102649211883545,4.0383125132121404e+27,0.9897233843803406,5.256913900375366,5.637580680794483e+20,0.991346001625061,5.205821990966797,1.2647975486493816e+24,0.9912687540054321,4.985401630401611,6.907898955049206e+18,0.9893112778663635,4.9674601554870605,9.26913379721563e+25,0.9820480942726135,7.510185241699219e-05,
4,9,4.9812328815460205,2.6649082521045025e+22,0.9875341057777405,5.04716420173645,1.1809291518617744e+28,0.9900839924812317,5.027955055236816,1.8059870886545183e+25,0.9843661189079285,4.987108945846558,2.0164184646376265e+27,0.9839540719985962,5.0097668170928955,6.919989380578657e+27,0.9893370270729065,7.414817810058594e-05,
4,10,5.15306282043457,7.969769747828294e+21,0.9915263056755066,5.215286016464233,2.016987657372765e+26,0.9892340302467346,5.192505121231079,5.881942096998761e+26,0.992247462272644,5.222218990325928,4.3341193217683594e+21,0.9901869893074036,5.201995134353638,2.494169190406516e+21,0.990032434463501,7.700920104980469e-05,
4,11,5.16220498085022,1.2704537815509828e+25,0.982717752456665,5.1706249713897705,7.294168007310217e+26,0.9812496900558472,5.197393894195557,5.488894646242341e+25,0.9921186566352844,5.213194131851196,2.8236540358352127e+27,0.9864781498908997,5.251143932342529,4.859405308072688e+28,0.9901354908943176,7.605552673339844e-05,
4,12,5.1788856983184814,2.8136421630732036e+20,0.9894658327102661,5.214590072631836,1.2558194786770304e+23,0.9912430047988892,5.154090881347656,1.3400201298890354e+28,0.9888991713523865,5.215051889419556,2.312869890540204e+28,0.9898521900177002,5.228570938110352,1.0030144712374105e+24,0.9892597794532776,7.486343383789062e-05,
4,13,6.3162841796875,1.8909975252124032e+25,0.9831298589706421,5.279606819152832,7.34107807748966e+27,0.9879462122917175,5.472031116485596,1.7632838912352367e+22,0.9912687540054321,5.248198986053467,8.085204385732034e+27,0.990882396697998,5.239941120147705,2.458381113450163e+28,0.9905990958213806,7.700920104980469e-05,
4,14,5.214966058731079,2.280625018792848e+26,0.9896203279495239,5.350693941116333,2.032818284201941e+25,0.9789831638336182,5.280022144317627,2.346914216519447e+23,0.9917581081390381,5.216101884841919,6.858583563758187e+26,0.9907535910606384,5.213818788528442,2.6768709386147054e+21,0.9879462122917175,7.486343383789062e-05,
4,15,5.190298318862915,1.104762338977894e+28,0.9911656975746155,5.223609924316406,1.170215282903764e+28,0.9896718859672546,5.275484323501587,5.632909885030946e+21,0.9906763434410095,5.252845764160156,1.21019237306273e+26,0.9883325695991516,5.325060844421387,8.61197905423385e+27,0.9898006319999695,7.390975952148438e-05,
4,16,5.228027105331421,1.788872563826126e+28,0.9896718859672546,5.280784845352173,8.320644459989414e+27,0.9902899861335754,5.243629217147827,1.1099898636375425e+19,0.9880492687225342,5.2519800662994385,3.0519039529449376e+28,0.9901869893074036,5.27095103263855,2.754321404055225e+25,0.9839540719985962,7.486343383789062e-05,
4,17,5.2137157917022705,4.326033611653465e+27,0.9910112023353577,5.222170114517212,2.53309688941453e+19,0.9910627007484436,5.218801259994507,2.7781562114885644e+25,0.9916035532951355,5.220218181610107,1.8236869932359736e+26,0.9908051490783691,5.225924253463745,5.9772988511389875e+26,0.9915263056755066,7.390975952148438e-05,
4,18,5.251020908355713,7.783838894782173e+27,0.990933895111084,5.298125982284546,1.3682018351225976e+20,0.9907535910606384,5.197546005249023,2.544313984979477e+25,0.9899294376373291,5.200957298278809,5.858503756212426e+24,0.987714409828186,5.2155091762542725,4.007898259453171e+26,0.9833874106407166,7.605552673339844e-05,
4,19,5.220213890075684,8.021784184458716e+27,0.9911399483680725,5.2725019454956055,2.8690307757537612e+26,0.9915778040885925,5.189656972885132,7.279479726813147e+22,0.9864524006843567,5.204324960708618,6.057377273967605e+26,0.9911656975746155,5.194074869155884,1.1907212295892837e+22,0.9910369515419006,7.510185241699219e-05,
4,20,5.199361085891724,4.249022453477506e+24,0.9901097416877747,5.24193811416626,1.231505210821602e+24,0.9885386228561401,5.230882167816162,2.548732616597801e+27,0.9897748827934265,5.217672348022461,2.501238531724356e+25,0.9889507293701172,5.205410957336426,5.240585403896122e+27,0.9864524006843567,7.510185241699219e-05,
4,21,5.386858940124512,1.6468621308023363e+25,0.9855509400367737,5.227044105529785,2.5227769556388424e+28,0.9910369515419006,5.223560094833374,2.1246767387664485e+28,0.9912171959877014,5.2633421421051025,4.900713351569159e+23,0.989568829536438,5.263491153717041,1.1559426385642628e+28,0.9887189269065857,7.605552673339844e-05,
4,22,5.214202165603638,1.8942561859028726e+28,0.9887704253196716,5.241254091262817,4.775709368656035e+21,0.9901097416877747,5.2052319049835205,2.016587455260086e+25,0.9908566474914551,5.256079196929932,1.4861635503885165e+25,0.9913202524185181,5.2378880977630615,1.8830650332673965e+26,0.9835162162780762,7.486343383789062e-05,
4,23,5.283568859100342,7.515515545011456e+23,0.9914232492446899,5.215104818344116,2.915709191721127e+27,0.9910369515419006,5.202309846878052,1.3939081163575196e+28,0.9906248450279236,5.191570281982422,1.4756949402604532e+22,0.991835355758667,5.2007269859313965,1.22483770435145e+26,0.9875856637954712,8.296966552734375e-05,
4,24,5.23933219909668,1.3032358074977858e+24,0.9902127385139465,5.420305013656616,2.1511696869719955e+28,0.9904187917709351,5.205472946166992,9.257464571382043e+27,0.9903415441513062,5.208682060241699,2.012654609423571e+25,0.9915778040885925,5.338984966278076,3.056497398822825e+28,0.9914490580558777,7.891654968261719e-05,
4,25,5.3535239696502686,8.762534323483859e+24,0.9890537261962891,5.244600772857666,6.617753295542237e+24,0.9867357015609741,5.272724866867065,2.7754056174797335e+27,0.9897748827934265,5.2330591678619385,9.703631395500325e+27,0.9903672933578491,5.248482942581177,6.494449683555942e+16,0.987250804901123,7.605552673339844e-05,
4,26,5.260662078857422,4.3061672960837203e+24,0.9780044555664062,5.213665962219238,2.643089151380863e+25,0.9796785712242126,5.238089084625244,9.89299576425946e+24,0.9819193482398987,5.253445863723755,5.402831158852264e+27,0.9919641613960266,5.207144021987915,1.4909840304914282e+25,0.9898779392242432,7.414817810058594e-05,
4,27,5.205586910247803,8.250088172664669e+27,0.9912430047988892,5.165240049362183,2.5825399201895026e+28,0.9889764785766602,5.187160968780518,1335942866534400.0,0.9726986885070801,5.259068250656128,2.3827925933108568e+23,0.9908566474914551,5.246052265167236,1.0259488023196467e+19,0.9892082810401917,7.486343383789062e-05,
4,28,5.23399019241333,7.830394935049354e+27,0.9917323589324951,6.521411180496216,3.2012509180306074e+26,0.9870962500572205,5.199571132659912,3.8031770315929054e+27,0.990959644317627,5.25126576423645,8.680257980322231e+27,0.988615870475769,5.252579212188721,1.3400612144774364e+27,0.9907020926475525,7.390975952148438e-05,
4,29,5.222671031951904,3.8463603521839975e+25,0.9912687540054321,5.2558441162109375,5.8341548106398665e+22,0.990882396697998,5.260761022567749,4.532656938635403e+25,0.9911914467811584,5.196533918380737,5.105440129593548e+28,0.990496039390564,5.202333927154541,311571892928512.0,0.990058183670044,7.796287536621094e-05,
4,30,5.21856689453125,9.84971509097652e+24,0.9893885254859924,5.206367254257202,2.5708293957852825e+28,0.9884871244430542,5.238133907318115,3.371658693156579e+27,0.9869675040245056,5.274767160415649,3.3933802600355783e+25,0.9835419654846191,5.238629102706909,1.2429607756882143e+20,0.9899036884307861,7.510185241699219e-05,943.651645898819
5,1,5.218423128128052,1.4726902053144036e+27,0.9912945032119751,5.24273681640625,1.195788314118448e+28,0.9907535910606384,5.209582090377808,1.5322422866868132e+28,0.9906763434410095,5.237415790557861,1.8893162658990952e+26,0.9899551868438721,5.317785978317261,7.395351800168348e+20,0.983207106590271,7.82012939453125e-05,
5,2,5.2455830574035645,3.452825226885202e+17,0.9899294376373291,5.25296688079834,3.968936891295089e+26,0.990444540977478,5.223617076873779,1.230939753489088e+21,0.989980936050415,5.243976354598999,3.7222631188317014e+27,0.9857311844825745,5.23822021484375,1.039401745779514e+22,0.9861432909965515,7.605552673339844e-05,
5,3,5.241384267807007,1.6371031427939061e+28,0.9908566474914551,5.267822742462158,2.105018766719464e+27,0.9914490580558777,5.240231990814209,1.3725908814713212e+22,0.990882396697998,5.2079551219940186,7.864676364235936e+27,0.990496039390564,5.207026958465576,4.146657550229016e+21,0.9871220588684082,7.510185241699219e-05,
5,4,5.210223913192749,8.354364370286393e+26,0.9914490580558777,5.233893156051636,4.5021149411737235e+26,0.990058183670044,5.2961578369140625,2.6817821046552772e+28,0.9896461367607117,5.245747089385986,7.795057245297112e+25,0.9881265163421631,5.246127128601074,1.552968549343606e+24,0.9912945032119751,7.486343383789062e-05,
5,5,5.24069881439209,1.3200640395811226e+18,0.9894915819168091,5.597631454467773,2.253492030799872e+17,0.9901097416877747,5.254321098327637,4.499610684985253e+27,0.991346001625061,5.266442060470581,2.4151483628416034e+20,0.9903415441513062,5.232682943344116,1.0143807307439278e+28,0.9903157949447632,7.510185241699219e-05,
5,6,5.205415725708008,8.732662819052399e+26,0.988641619682312,5.2137908935546875,5.909399706617596e+26,0.991371750831604,5.389286041259766,1.810177537912739e+20,0.987714409828186,5.254662036895752,2.1211464253275578e+23,0.9819708466529846,5.292752981185913,1.613560493048532e+28,0.9901612401008606,7.700920104980469e-05,
5,7,5.2978599071502686,2.349355275603873e+24,0.9906763434410095,5.229074954986572,6.261014940080981e+25,0.9894400835037231,5.23489785194397,6.639531392792709e+21,0.9912430047988892,5.221895933151245,4.397351380573573e+27,0.9907535910606384,5.2500317096710205,2.5596023764206748e+19,0.9760469794273376,7.581710815429688e-05,
5,8,5.263324022293091,1.4114235691779702e+26,0.9846237301826477,5.276156187057495,2.7810660084873167e+20,0.989980936050415,5.225174903869629,2.169333325175057e+28,0.9906248450279236,5.230600118637085,1.8131520922831232e+24,0.9900839924812317,5.211799144744873,5.657726202427446e+27,0.9869932532310486,7.581710815429688e-05,
5,9,5.249391078948975,1.3986156198756352e+16,0.9842373728752136,5.270675897598267,3.206470977668586e+26,0.9900839924812317,5.280681848526001,1.3439306035143377e+28,0.9916035532951355,5.222397804260254,6.536163085295441e+21,0.9899294376373291,5.222699165344238,4.310849526486711e+23,0.9912171959877014,7.486343383789062e-05,
5,10,5.173207998275757,6.877342152523776e+16,0.9843403697013855,5.2608208656311035,1.7055337158759684e+27,0.9891825318336487,5.2610862255096436,1.3140639966934286e+28,0.9911914467811584,5.297144651412964,8.99100032021964e+27,0.991783857345581,5.255831956863403,4.771797558881178e+27,0.990882396697998,7.486343383789062e-05,
5,11,5.241457223892212,2.8116473821590285e+26,0.9862205982208252,5.219479084014893,5.777630038906558e+27,0.9875083565711975,5.20769190788269,2.0433273943007333e+24,0.9911141991615295,5.27995491027832,7.274920674543708e+26,0.9899294376373291,5.286445140838623,2.0248055719786438e+26,0.9882810711860657,7.605552673339844e-05,
5,12,5.230443954467773,1.4598685966211358e+28,0.9904187917709351,5.246618032455444,1.2778102277954277e+25,0.9824087023735046,5.201694011688232,3.674259201000873e+28,0.990959644317627,5.2420830726623535,1.015312453650998e+28,0.9890022277832031,5.258581876754761,2.1810242222435827e+26,0.9858599901199341,7.414817810058594e-05,
5,13,5.275140047073364,1.6878198240508192e+27,0.9876371622085571,5.29982590675354,6.579178847841101e+26,0.9901354908943176,5.24043607711792,1.7390475482339738e+17,0.9914490580558777,5.210942029953003,2.271714190805525e+23,0.9887189269065857,5.452664136886597,4.0523715147404774e+26,0.9908051490783691,8.0108642578125e-05,
5,14,5.556402206420898,6.619676829780523e+25,0.9833359122276306,5.563033819198608,3.080222568032762e+27,0.9839025139808655,5.506453990936279,2.064661835963927e+28,0.9913202524185181,5.26901912689209,7.813165491617069e+25,0.9870190024375916,5.49098014831543,1.665112112889856e+16,0.9902384877204895,7.915496826171875e-05,
5,15,5.472218990325928,9.08697238395519e+27,0.9914490580558777,7.104743003845215,5.323238096233305e+22,0.9898006319999695,5.371078968048096,4.568153178152959e+27,0.990006685256958,5.231804132461548,8.353168506853786e+16,0.990959644317627,5.263965845108032,3.6419388377980694e+26,0.9901612401008606,7.915496826171875e-05,
5,16,5.203548908233643,6.368374950958294e+22,0.9890022277832031,5.251667022705078,7.472981191370264e+19,0.9860917925834656,5.259886980056763,1.7047855097754144e+22,0.9900839924812317,5.227756977081299,2.9283438832460447e+27,0.9912945032119751,5.226701021194458,1.857845913905813e+28,0.9907020926475525,7.82012939453125e-05,
5,17,5.190847158432007,1.9305851741668456e+27,0.9884871244430542,5.222677946090698,3.804019206625544e+28,0.99186110496521,5.386999845504761,4.20268988167972e+25,0.9914490580558777,5.258875131607056,2.0678131596623176e+27,0.9893885254859924,5.2329840660095215,3.1674366987545524e+25,0.990882396697998,7.510185241699219e-05,
5,18,5.187012195587158,4.6747833278924403e+27,0.9883583188056946,5.167572975158691,4.871626785030144e+16,0.9896718859672546,5.226332187652588,2.3280615073972715e+28,0.9914232492446899,5.2488439083099365,4.459982651496347e+27,0.9914748072624207,5.2891151905059814,4.820976106345039e+28,0.991346001625061,7.510185241699219e-05,
5,19,5.257411956787109,9.377688348190369e+27,0.9910112023353577,5.24256706237793,6.679409600700484e+26,0.9914490580558777,5.237991094589233,2.1062810589696838e+25,0.9919384121894836,5.265958786010742,2.4544190811751746e+25,0.9906763434410095,5.223665952682495,6.969254435893526e+26,0.9861432909965515,7.486343383789062e-05,
5,20,5.258852005004883,5.308262818553747e+27,0.9907020926475525,5.287333965301514,2.2211457061364602e+25,0.990032434463501,5.223172187805176,3.506960100700993e+27,0.9903415441513062,5.231209993362427,1.0462414988730434e+19,0.9908308982849121,5.221956968307495,9.828667536132402e+22,0.9905475974082947,7.605552673339844e-05,
5,21,5.250458002090454,8.48495071625859e+25,0.9890279769897461,5.261040687561035,1.5336084673103074e+28,0.9902384877204895,5.28543496131897,4.4639047539491135e+28,0.9912945032119751,5.398222208023071,6.533219891786098e+26,0.989594578742981,5.224225044250488,2.872988340227335e+26,0.985937237739563,7.796287536621094e-05,
5,22,5.213438272476196,7.689676087705373e+27,0.990933895111084,5.196792840957642,2.1764855541667778e+21,0.9866068959236145,5.314388036727905,1.9154259575169457e+21,0.9902642369270325,5.3048529624938965,2.6022390358544692e+28,0.9912945032119751,5.26163911819458,2.5010264439737173e+28,0.9904187917709351,7.510185241699219e-05,
5,23,5.2302086353302,3.280937900949981e+23,0.988667368888855,5.206352949142456,3.303499133643256e+23,0.9880492687225342,5.268682956695557,3.540893282525176e+21,0.989079475402832,5.253686904907227,3.29930938230787e+26,0.9905475974082947,5.315242052078247,1.4925681510951184e+28,0.9888734221458435,7.510185241699219e-05,
5,24,5.200261831283569,4.15211786571004e+19,0.9898779392242432,5.243674993515015,1.5068750493305994e+22,0.9856024384498596,5.235620975494385,1.3302671444511268e+28,0.9914232492446899,5.218139886856079,3.488149070325316e+26,0.9902642369270325,5.2388458251953125,2.8381602602268727e+27,0.9849585294723511,7.796287536621094e-05,
5,25,5.258078098297119,3.865758501007524e+17,0.9882810711860657,5.201750040054321,6.721352516103199e+25,0.9859887957572937,5.311392068862915,3.554764684629451e+23,0.9798846244812012,5.186323881149292,1.8420016110641033e+23,0.984082818031311,5.187669038772583,2.09270333299423e+25,0.9906505942344666,7.796287536621094e-05,
5,26,5.236135005950928,1.746915310691579e+25,0.9896461367607117,5.249752998352051,1.338311341577209e+28,0.9903157949447632,5.185826778411865,8.272275621288622e+27,0.9887189269065857,5.19654393196106,6.800407845612001e+27,0.9880234599113464,5.174525260925293,9.846359609782767e+27,0.9892082810401917,7.510185241699219e-05,
5,27,5.225315093994141,7.091717002228704e+20,0.9910112023353577,5.276534080505371,2.1921617760194782e+27,0.9896976351737976,5.263002872467041,2.6949208497726603e+27,0.9884871244430542,5.20038104057312,2.3253114077611818e+27,0.9905733466148376,5.201556921005249,5.898314836742775e+27,0.9908051490783691,7.700920104980469e-05,
5,28,5.192205190658569,7.88612453268663e+20,0.9911914467811584,5.237055063247681,6.328140797090803e+26,0.9888734221458435,5.230548143386841,9.713312947766483e+24,0.9888991713523865,5.461678981781006,2.584179289714031e+26,0.9816102385520935,5.255294322967529,5.086688792881693e+27,0.988641619682312,7.414817810058594e-05,
5,29,5.213975191116333,9.202674055917334e+21,0.9906505942344666,5.236316204071045,5.69184055501783e+16,0.9906763434410095,5.225304841995239,3.0023819773738013e+23,0.9867099523544312,5.381996154785156,6.087615596228427e+22,0.9893370270729065,5.494675874710083,2.0791146542644822e+24,0.9914232492446899,7.987022399902344e-05,
5,30,5.501248121261597,7.354501994513028e+27,0.9911141991615295,5.441880941390991,8.693988113297222e+26,0.989130973815918,5.426897764205933,9.832361777657779e+25,0.982717752456665,5.457701921463013,3.452451908294848e+23,0.9878947138786316,5.445237159729004,1.4824969371858454e+26,0.9917323589324951,7.510185241699219e-05,949.7483689785004
6,1,5.299188137054443,2.0706103132531905e+26,0.9916293025016785,5.481974840164185,5.832403342730384e+24,0.979111909866333,5.229759931564331,1.220456421855852e+28,0.991809606552124,5.208369970321655,3.399880440701924e+27,0.9910112023353577,5.247672080993652,2.601346567618788e+26,0.9799618721008301,7.605552673339844e-05,
6,2,5.240340232849121,2.476185615682202e+28,0.9907793998718262,5.26601505279541,4.965768388618481e+23,0.9906248450279236,5.298815965652466,2.5795676036956035e+27,0.9893627762794495,5.219963073730469,1.3659584361511693e+28,0.9893112778663635,5.325216054916382,1.4771076350210663e+21,0.990908145904541,7.605552673339844e-05,
6,3,5.266826868057251,2.707958654306472e+28,0.9910627007484436,5.258198022842407,1.636868863004863e+22,0.990882396697998,5.250412225723267,1.5151963145710849e+28,0.9908308982849121,5.337256908416748,1.9835695948384137e+28,0.9905733466148376,5.199856758117676,2.0578695160563608e+26,0.990882396697998,7.510185241699219e-05,
6,4,5.278552770614624,1.778122013517525e+24,0.992324709892273,5.209017753601074,3.891302588269262e+27,0.9899551868438721,6.7829670906066895,1.6044640346109043e+28,0.9910369515419006,5.2318949699401855,1.831861183645206e+25,0.9903415441513062,5.313812017440796,1.1938644220133268e+28,0.9912687540054321,7.486343383789062e-05,
6,5,5.282335042953491,3.547922372400618e+19,0.9902642369270325,5.327080011367798,6.785627889985031e+25,0.9876371622085571,5.277774810791016,2.033746040136698e+24,0.9903415441513062,5.234546899795532,2.4985421250262416e+27,0.9857569932937622,5.2535459995269775,1.7204951920763095e+25,0.989594578742981,7.891654968261719e-05,
6,6,5.244390964508057,8.631465309229601e+27,0.9902127385139465,5.262474060058594,4.2415937118489627e+21,0.9908051490783691,5.272638320922852,5.892927127065461e+18,0.990933895111084,5.243677854537964,1.3436173155422048e+24,0.9905475974082947,5.230239152908325,6.7712676761844e+24,0.9894400835037231,7.510185241699219e-05,
6,7,5.204438924789429,1.8221221559362008e+27,0.9905475974082947,5.2198169231414795,1.1121304112827914e+28,0.9907535910606384,5.266469717025757,9.364702430658288e+27,0.9911141991615295,5.2897138595581055,2.007480495973073e+18,0.9903157949447632,5.216144323348999,3.03622339406815e+26,0.9902899861335754,7.605552673339844e-05,
6,8,5.244966983795166,7.341452325033428e+27,0.9889249205589294,5.206432819366455,7.148960403050316e+27,0.990496039390564,5.2562010288238525,6.964420355928546e+27,0.990470290184021,5.339017152786255,2.828426872609868e+27,0.9869675040245056,5.316316843032837,7.828981914453308e+26,0.9862205982208252,7.700920104980469e-05,
6,9,5.259152173995972,3.122551204854059e+27,0.990496039390564,5.239140272140503,1.0769516881922786e+27,0.9856796860694885,5.268131256103516,5.649649624108394e+19,0.9917323589324951,5.307118654251099,4.778107931774377e+25,0.9793437123298645,5.2671051025390625,5.313743124857118e+27,0.990959644317627,7.605552673339844e-05,
6,10,5.308373928070068,1.4093994317297681e+23,0.9898779392242432,5.294731855392456,2.3569687654671856e+28,0.9905990958213806,5.2481911182403564,2.5439337514672576e+25,0.9897233843803406,5.242434978485107,7.06285737286656e+20,0.990006685256958,5.205014944076538,2.7211264419777247e+26,0.9888991713523865,7.510185241699219e-05,
6,11,5.2670488357543945,2.0583952136748164e+24,0.9910884499549866,5.310736179351807,1.9406364360777285e+28,0.9910112023353577,5.2850868701934814,7.293483264170201e+26,0.9915778040885925,5.219917058944702,2.754542792654226e+27,0.9903930425643921,5.22946310043335,2.8286261343393522e+26,0.99186110496521,7.581710815429688e-05,
6,12,5.226648807525635,3.950305310845761e+27,0.9870705008506775,5.409789085388184,5.3750244482911825e+28,0.9896461367607117,5.564579725265503,1.006837218834843e+26,0.9885128736495972,5.499269008636475,2.3087699319597766e+28,0.9906248450279236,5.456005096435547,4.311290012307265e+21,0.9893627762794495,7.796287536621094e-05,
6,13,5.477678060531616,1.1007210558010163e+28,0.9892082810401917,5.47012996673584,5.3899988266054974e+23,0.9892082810401917,5.688524007797241,5.5342512238696165e+26,0.9897748827934265,5.483094930648804,7.349125580272281e+27,0.9899294376373291,5.289039850234985,6.743913821199945e+28,0.9905733466148376,7.510185241699219e-05,
6,14,5.2987611293792725,2.2536974579182266e+28,0.9910112023353577,5.281515121459961,1.5522569445736845e+23,0.9914748072624207,5.249758958816528,3.2716085708151667e+27,0.9870190024375916,5.212347030639648,1.1230916206417026e+25,0.9887189269065857,5.227182865142822,2.885095993286087e+22,0.9875341057777405,7.700920104980469e-05,
6,15,5.270042896270752,2.904754541102071e+28,0.991346001625061,5.29707407951355,4.0128796182228356e+27,0.9891567230224609,5.24524998664856,3.308021735261697e+28,0.9908051490783691,5.233293056488037,2.251560587084728e+27,0.988229513168335,5.225494146347046,5.2451903752997064e+26,0.9839798212051392,7.581710815429688e-05,
6,16,5.250391006469727,1.9288971052379629e+28,0.9907020926475525,5.305201053619385,4.5339480341794576e+22,0.990444540977478,5.291223049163818,4.693809742451922e+27,0.9889249205589294,5.124514102935791,1.0683926793325873e+28,0.9872250556945801,5.018018007278442,4.137218420912149e+26,0.9917581081390381,8.916854858398438e-05,
6,17,5.026896953582764,1.818697284432312e+23,0.9900839924812317,5.0225300788879395,7.356202931890576e+26,0.9871735572814941,5.0428290367126465,2.3561076198029414e+25,0.9884098172187805,5.069551944732666,4.237264219336751e+28,0.9914490580558777,5.075260877609253,1.5732047717076535e+24,0.9898263812065125,7.486343383789062e-05,
6,18,5.384023189544678,2.930506901034631e+18,0.9891825318336487,5.214208126068115,9.959339028960594e+21,0.9798588752746582,5.237927198410034,2.7085217864359025e+22,0.9875598549842834,5.2664289474487305,4.7360404922022526e+23,0.987714409828186,5.28184175491333,5.433420213958076e+26,0.9910112023353577,7.700920104980469e-05,
6,19,5.238583087921143,4.585280020794707e+27,0.990882396697998,5.261980295181274,5.815653814403606e+25,0.9870190024375916,5.222545862197876,4.638466853899647e+27,0.989079475402832,5.243133068084717,9.093754882816211e+27,0.9921186566352844,5.356091022491455,3.081463133707812e+28,0.9915778040885925,7.891654968261719e-05,
6,20,5.5398337841033936,9.437384520770087e+26,0.9833616614341736,5.511152982711792,8.072013461462611e+23,0.990882396697998,5.4686219692230225,1.4991257315726608e+25,0.9889764785766602,5.453336000442505,7.807671497829596e+27,0.9885643720626831,5.430033922195435,9.537158532246205e+26,0.9908308982849121,8.702278137207031e-05,
6,21,5.465762138366699,5.507624012882003e+27,0.9910369515419006,5.270262956619263,5.370468781345158e+28,0.9915263056755066,5.312018156051636,1.968361671059585e+26,0.9911141991615295,5.383194208145142,7.03342556117176e+22,0.9905990958213806,5.2837700843811035,3.0177614098133014e+23,0.9893627762794495,7.414817810058594e-05,
6,22,5.224345922470093,8.226603143169084e+25,0.9911914467811584,5.279356002807617,9.138865288643824e+28,0.9915005564689636,5.304498910903931,2.6603923817894433e+28,0.9916035532951355,5.334720134735107,4.333629538141161e+27,0.9909853935241699,5.354375123977661,1.5638005130513613e+17,0.9908051490783691,8.082389831542969e-05,
6,23,5.285822868347168,3.500338367880705e+19,0.9902642369270325,5.260700941085815,1.8547659864856855e+28,0.9899294376373291,5.269176006317139,1.848021107914528e+25,0.9854736328125,5.300042152404785,4.837484772767435e+25,0.9907793998718262,5.338367938995361,1.7104023772404384e+19,0.9908308982849121,7.724761962890625e-05,
6,24,5.284569025039673,1.0514887619036217e+26,0.9906248450279236,5.27290415763855,3.248690409764966e+26,0.990470290184021,5.227506875991821,1.0373514723934359e+27,0.990470290184021,5.268093824386597,4.074232898716183e+27,0.9850873351097107,5.274784803390503,2.7445234067171023e+27,0.99186110496521,7.700920104980469e-05,
6,25,5.288339853286743,3.6919383845276484e+21,0.9781074523925781,5.270575761795044,4.573072489473848e+19,0.9905217885971069,5.239109992980957,7.44211163265113e+26,0.9915263056755066,5.3117029666900635,2.3537408143521743e+19,0.9903157949447632,7.584087133407593,8.886708627332895e+26,0.991346001625061,7.581710815429688e-05,
6,26,5.156872034072876,1.8076361491760456e+27,0.9892340302467346,5.242138862609863,1.999637505941251e+23,0.9893370270729065,5.222244024276733,4.713766581267691e+28,0.9911399483680725,5.250326156616211,2.0249908803315033e+22,0.9862978458404541,5.284366846084595,2.1934354683575356e+25,0.9896976351737976,7.605552673339844e-05,
6,27,5.279605150222778,7.118350613804165e+26,0.99186110496521,5.201693296432495,4.622802703747589e+22,0.9891567230224609,5.411226272583008,1.6916535762119555e+22,0.9883325695991516,5.18798303604126,3.5571275117063673e+28,0.9906763434410095,5.198552846908569,4.782251498025674e+19,0.9901869893074036,7.82012939453125e-05,
6,28,5.271653175354004,6.879154611820995e+24,0.985447883605957,5.2318549156188965,4.407459532243179e+26,0.9846494793891907,5.220128059387207,3.469576076735166e+27,0.9893112778663635,5.232372999191284,7.563321498610661e+27,0.9902642369270325,5.201955795288086,1.3651225772837014e+28,0.9902127385139465,7.605552673339844e-05,
6,29,5.226430177688599,1.6132875649959883e+23,0.9905990958213806,5.288703203201294,2.6062403611360494e+19,0.9901612401008606,5.304963111877441,1.5111019342860653e+24,0.9790346622467041,5.241328239440918,7.885630389764144e+26,0.9893627762794495,5.239975214004517,1.0283794187978414e+26,0.9823829531669617,7.605552673339844e-05,
6,30,5.203485012054443,9.82884836466464e+24,0.9879977107048035,5.234226942062378,6.238530621249946e+16,0.9912945032119751,5.268539190292358,7.100479998441366e+27,0.9869675040245056,5.293043851852417,5.2871445374516994e+23,0.9901354908943176,5.304544925689697,1.821025724252656e+21,0.9782362580299377,7.414817810058594e-05,953.3908631801605
7,1,5.211222171783447,3.4599138197633093e+27,0.9848039746284485,5.280832052230835,2.955036646583398e+28,0.9913202524185181,5.223999261856079,2.1700812947591686e+21,0.99186110496521,5.2269299030303955,2.506460235825152e+16,0.9893112778663635,5.2893970012664795,1.5375815713210887e+27,0.9893112778663635,7.510185241699219e-05,
7,2,5.3028857707977295,6.640551741835085e+24,0.9917066097259521,5.21644401550293,9.872928012550273e+25,0.9874053597450256,5.232443809509277,4.369171285776347e+25,0.9924020171165466,5.218631029129028,7.588880126607572e+27,0.989517331123352,5.046210050582886,4.201172216343452e+21,0.9914232492446899,7.605552673339844e-05,
7,3,5.074225902557373,7.950520377858494e+20,0.99229896068573,5.080817937850952,5.929428439206461e+17,0.9904187917709351,4.829277992248535,1.6158299736493785e+20,0.9883840680122375,4.860421180725098,1.237595542650455e+28,0.9917066097259521,4.878345012664795,9.129964218119425e+27,0.9910627007484436,7.390975952148438e-05,
7,4,4.765836000442505,3.946202577875025e+28,0.9905475974082947,4.583067178726196,4.875180048646018e+26,0.9907020926475525,4.394811153411865,3.24221328522287e+24,0.9720547795295715,4.297408819198608,7.327406133327698e+22,0.9915778040885925,4.091950178146362,2.1215345794105138e+26,0.9930716753005981,6.413459777832031e-05,
7,5,4.038527965545654,5.065604607127301e+27,0.990959644317627,4.065361261367798,2.323712916221521e+28,0.9885386228561401,3.9550671577453613,1.4245513163465365e+28,0.9907535910606384,3.9423258304595947,9.903778030285731e+23,0.9905733466148376,3.9288840293884277,4.33000091600791e+26,0.9893112778663635,6.29425048828125e-05,
7,6,3.9173858165740967,5.340036080842115e+27,0.9921444654464722,3.928466796875,3.821352472339879e+22,0.9862978458404541,3.9294838905334473,3.5894202343078506e+28,0.9916035532951355,4.004858732223511,4.078158956150879e+26,0.9911656975746155,3.924326181411743,3.0520401932179683e+28,0.9907020926475525,6.29425048828125e-05,
7,7,3.9152519702911377,6.510583477081508e+24,0.9871478080749512,3.939390182495117,3.2809588564512486e+27,0.9884871244430542,4.058736801147461,1.1038407138185298e+26,0.9898521900177002,3.926224946975708,3.4948522481868204e+27,0.9901354908943176,3.949309825897217,2.1558818173565786e+25,0.989980936050415,6.29425048828125e-05,
7,8,3.9340691566467285,2.1229821308866396e+19,0.987765908241272,3.9161548614501953,5.025164031455437e+27,0.9898006319999695,3.931549072265625,2.838104209795005e+24,0.9905990958213806,3.9385979175567627,5.414962825401467e+20,0.9899036884307861,3.9200901985168457,3.380358011641044e+25,0.9915005564689636,6.29425048828125e-05,
7,9,3.9249298572540283,2.9768601188106836e+28,0.9911399483680725,3.9305269718170166,1.8299966357533994e+23,0.9915005564689636,3.9383199214935303,6.275639529591257e+22,0.9916550517082214,3.925137996673584,2.819855128118068e+28,0.9902642369270325,3.9362637996673584,5.08390141606518e+27,0.9874053597450256,6.29425048828125e-05,
7,10,3.930401086807251,9.227169750017114e+18,0.9869675040245056,3.928694009780884,4.956412278422958e+27,0.990470290184021,3.9517009258270264,1.2415962553698652e+22,0.9883325695991516,4.061053037643433,4.161662699762484e+21,0.9894143342971802,4.0476460456848145,1.1342090536314997e+27,0.990959644317627,6.508827209472656e-05,
7,11,4.044725179672241,2.8542079408925573e+18,0.9912430047988892,4.053223133087158,1.2364453365065757e+27,0.9920156598091125,4.0415778160095215,2.5671480749935615e+28,0.9897491335868835,4.187896013259888,4.935298362101583e+21,0.9787771105766296,4.05388069152832,2.2916844125611815e+23,0.9902642369270325,6.4849853515625e-05,
7,12,4.0448150634765625,1.610437237915924e+28,0.9896203279495239,4.052819013595581,1.369250471555708e+23,0.9910627007484436,4.060847997665405,2.3865826426132667e+23,0.9855251908302307,4.10301399230957,2.270426588757745e+27,0.9908308982849121,4.075477123260498,2.3349051904190367e+27,0.9901612401008606,6.389617919921875e-05,
7,13,4.046877384185791,3.8852561191084673e+24,0.9920929074287415,4.045585870742798,1.0805138836001204e+25,0.9767681360244751,4.051666021347046,1.2067743094450338e+28,0.9916035532951355,4.054543972015381,1.1012644821240325e+28,0.9916808605194092,4.0692291259765625,8.015897867011637e+20,0.9914232492446899,6.604194641113281e-05,
7,14,4.050306797027588,1.6073132698743037e+23,0.9898521900177002,3.930527925491333,2.4586424150036316e+18,0.985885739326477,3.9375858306884766,2.105358245840001e+28,0.9907535910606384,3.931417942047119,2.4047164045272725e+25,0.9909853935241699,3.9267418384552,3.387394090514149e+28,0.9910627007484436,6.198883056640625e-05,
7,15,3.941977024078369,1.1352513537012453e+28,0.9888219237327576,3.9187309741973877,1.978511530817542e+25,0.9908566474914551,3.9714770317077637,8.861281906238248e+23,0.989130973815918,3.9431612491607666,9.547362688670106e+16,0.9915263056755066,3.9330079555511475,2.9309334428267315e+17,0.9893370270729065,6.29425048828125e-05,
7,16,3.916281223297119,8.195525798135955e+24,0.988229513168335,3.9336440563201904,1.0128495643837071e+18,0.988615870475769,3.9305222034454346,1.807215035773092e+17,0.9914232492446899,3.951504945755005,4.272200456391549e+20,0.9912430047988892,4.051980018615723,1.1801213910748796e+28,0.9905733466148376,6.389617919921875e-05,
7,17,4.046162128448486,3.4152630330110376e+26,0.9908566474914551,4.06839394569397,3.4320176572508658e+25,0.989568829536438,4.0622169971466064,4.615913772577582e+20,0.9912687540054321,4.049712896347046,3.90700711315595e+27,0.9915520548820496,4.07087516784668,2.002796001618445e+28,0.9912945032119751,6.413459777832031e-05,
7,18,4.055994749069214,1.5855453772176373e+20,0.9875598549842834,4.0606560707092285,3.9307234279287317e+27,0.9885128736495972,4.04301905632019,1.0051214687218032e+28,0.9903672933578491,4.050856113433838,2.196188183741935e+27,0.9915005564689636,4.056384086608887,3.978521155433002e+27,0.9857569932937622,6.389617919921875e-05,
7,19,4.054631948471069,1.9279651462125685e+27,0.9837737679481506,3.939783811569214,3.616360582465464e+26,0.9911141991615295,3.9370570182800293,7.465041673404514e+26,0.990470290184021,3.9355640411376953,2.4342364062504086e+26,0.9904187917709351,6.1763787269592285,8.196347051793802e+27,0.9915263056755066,6.29425048828125e-05,
7,20,3.9523627758026123,4.4611332049001836e+24,0.9856539368629456,3.949805974960327,3.725780691565629e+27,0.9861175417900085,3.923110008239746,1.6486730678441787e+23,0.9900839924812317,3.9255712032318115,3.790200853941695e+27,0.9848812818527222,3.9349539279937744,5.900561256199435e+19,0.9908308982849121,6.198883056640625e-05,
7,21,3.9253811836242676,2.5900802687557976e+22,0.9904187917709351,3.945888042449951,9.224842611292332e+26,0.9884871244430542,3.91987681388855,6.624099473565683e+27,0.9902899861335754,3.9404850006103516,1.2504357751765396e+28,0.9896718859672546,3.9507369995117188,1.4119494452686747e+28,0.990006685256958,6.318092346191406e-05,
7,22,3.938952922821045,2.4604539262931293e+23,0.9819193482398987,3.9362010955810547,1.466606911840752e+26,0.9898521900177002,3.963944911956787,1.1627708115636109e+27,0.9853706359863281,4.055348873138428,2.112358101014707e+23,0.9904187917709351,4.083773374557495,2.6033018063596552e+19,0.990882396697998,6.413459777832031e-05,
7,23,3.930575132369995,9.281136331575337e+21,0.9802194237709045,3.94673490524292,1.0628143986820927e+27,0.9890279769897461,4.047724962234497,8.428513640634838e+26,0.9860660433769226,4.057125806808472,1.3399564369710977e+27,0.9914232492446899,4.057469844818115,3.865510491866228e+21,0.9893112778663635,6.508827209472656e-05,
7,24,4.069092750549316,3.6692589232504863e+28,0.9905733466148376,4.0463950634002686,1.0116558773217774e+25,0.9803997278213501,4.057596921920776,5.686288255507463e+27,0.987302303314209,4.0709240436553955,1.5033928185767332e+27,0.990496039390564,4.0616538524627686,4.250516847273347e+26,0.9912687540054321,6.4849853515625e-05,
7,25,4.077611923217773,2.356973463852901e+25,0.9892597794532776,4.172982931137085,7.793788478239722e+26,0.9858342409133911,4.08101487159729,1.5501159107928344e+22,0.990496039390564,4.062420129776001,1.5893493923275076e+28,0.9916035532951355,4.080748796463013,4.975864648335113e+22,0.9928140640258789,6.389617919921875e-05,
7,26,4.043845891952515,3.1605807357352574e+25,0.9903157949447632,4.081790924072266,1.3302049833623462e+23,0.990470290184021,4.1276350021362305,2.9115992087188013e+24,0.9890022277832031,4.058638095855713,1.575070446580231e+26,0.9915520548820496,4.047322988510132,2.86775412271328e+25,0.9893627762794495,6.389617919921875e-05,
7,27,3.9428601264953613,7.359049972421975e+20,0.9906505942344666,3.9465830326080322,1.633894559710158e+24,0.9915778040885925,3.971907138824463,1.6235687814244207e+27,0.9876629114151001,3.951112985610962,3.6692476733450862e+22,0.990006685256958,3.9347870349884033,2.880967756077579e+25,0.982279896736145,6.198883056640625e-05,
7,28,3.927212715148926,2.5678643090315544e+24,0.9846237301826477,3.9351160526275635,4.6248233000154044e+21,0.9908566474914551,3.9177987575531006,5.722330537096344e+27,0.9898779392242432,3.935791254043579,5.151927972247888e+25,0.991346001625061,3.9757120609283447,9.816220876593283e+25,0.9884355664253235,6.413459777832031e-05,
7,29,3.9360268115997314,6.735864641303347e+16,0.990470290184021,4.064388990402222,2.120497060736832e+27,0.988641619682312,4.03796911239624,1.9119543168298852e+28,0.9907020926475525,4.060617923736572,1.1900696731146337e+25,0.991371750831604,4.052268981933594,1.3020949739360538e+20,0.9843403697013855,6.389617919921875e-05,
7,30,4.069927930831909,3.438761602416773e+26,0.991346001625061,4.085497856140137,8.685290960575804e+22,0.9910884499549866,4.051382064819336,5.527909135258747e+23,0.9877916574478149,4.049896001815796,8.236997249347792e+23,0.9869932532310486,4.053420066833496,4.631841373724181e+27,0.9892340302467346,6.389617919921875e-05,748.8467218875885
8,1,4.055922985076904,9.849293220222075e+18,0.9907535910606384,4.0435051918029785,5.585419097729177e+27,0.990470290184021,4.0494468212127686,2.3480084884905316e+20,0.9907278418540955,4.033440113067627,1.1903301144796447e+23,0.991397500038147,4.042950868606567,2.9987948027686407e+27,0.9853191375732422,6.389617919921875e-05,
8,2,4.045435905456543,4.694663192134539e+28,0.9914232492446899,3.925977945327759,1.9675091806076603e+28,0.9888991713523865,3.943325996398926,1.8336306811141162e+28,0.9912430047988892,3.9341211318969727,6.24272056611332e+27,0.990470290184021,3.9277701377868652,3.00171895743666e+22,0.9879462122917175,6.198883056640625e-05,
8,3,3.9102821350097656,8.771969879194422e+26,0.99186110496521,3.9040679931640625,1.2391912302850166e+28,0.989594578742981,3.9006221294403076,1.4696680446784176e+19,0.980451226234436,3.9393272399902344,1.6985872623536197e+27,0.9885386228561401,3.909888982772827,4.136391313403448e+21,0.9907278418540955,6.29425048828125e-05,
8,4,3.952763080596924,5.891769046501707e+27,0.9918868541717529,3.922959804534912,3.518633849676228e+28,0.9910627007484436,3.9160749912261963,6.5257744068550045e+22,0.9907793998718262,3.9651248455047607,1.6983524353015614e+26,0.9888476729393005,4.05024790763855,8.802406711768137e+27,0.988229513168335,6.318092346191406e-05,
8,5,4.068331003189087,1.9955313491395226e+28,0.9905475974082947,4.068980932235718,3.8173989639882735e+25,0.99186110496521,4.058662176132202,3.897043215025e+27,0.9914232492446899,4.051189661026001,2.2877076461799486e+26,0.9903157949447632,4.047736167907715,3.982852366197064e+17,0.991371750831604,6.318092346191406e-05,
8,6,4.039822101593018,1.4145103550975444e+27,0.9903930425643921,4.045253753662109,1.1577863684983372e+28,0.989517331123352,4.042852878570557,8.735087016371589e+27,0.9888734221458435,4.0456671714782715,1.2348895085966086e+28,0.9907535910606384,4.037593126296997,1.50254412077539e+27,0.9894143342971802,6.389617919921875e-05,
8,7,4.050802946090698,4.372320144989729e+25,0.9912171959877014,3.932755947113037,1.0603706773289745e+28,0.9893112778663635,3.9855430126190186,2.5403565248880837e+19,0.990470290184021,3.956639051437378,8.778062322253134e+27,0.9883068203926086,3.9322948455810547,1.9251954782703655e+27,0.9902127385139465,6.198883056640625e-05,
8,8,3.9262661933898926,2.437341731147777e+27,0.9912171959877014,3.9373791217803955,2.044956817340857e+28,0.990908145904541,3.9232029914855957,3.8449844921395566e+21,0.9870962500572205,4.234337091445923,3.038819404361643e+26,0.9906505942344666,4.062262058258057,1.274410492862643e+25,0.9893370270729065,6.389617919921875e-05,
8,9,4.0453057289123535,1.651332813598413e+28,0.990908145904541,4.056144952774048,2.423724610305679e+28,0.990959644317627,4.062845945358276,1.792180109310728e+28,0.9901097416877747,4.052013158798218,1.8137035749459933e+21,0.9891567230224609,4.038141965866089,3.436038420269636e+27,0.9905475974082947,6.413459777832031e-05,
8,10,4.066591024398804,1.7756564908799232e+25,0.9905733466148376,4.061659097671509,3.9357435986479273e+27,0.9875856637954712,4.058550834655762,7.230429618148371e+24,0.986426591873169,4.045845031738281,2.0842372646534355e+23,0.9853963851928711,4.070875883102417,1.4451279657631824e+27,0.9883840680122375,6.389617919921875e-05,
8,11,4.0667548179626465,2.848141158877161e+28,0.9920671582221985,4.068443059921265,4.293131991190916e+19,0.991346001625061,4.054699659347534,2.287600979727017e+28,0.9906248450279236,4.0745017528533936,1.083582499476782e+26,0.9887961745262146,4.054349184036255,3.477509726213363e+26,0.9903157949447632,6.413459777832031e-05,
8,12,4.040762186050415,2.3127871015528012e+27,0.9908308982849121,3.927250862121582,5.114358318696447e+27,0.9887189269065857,3.934107780456543,1.069694479089882e+24,0.990444540977478,3.948777914047241,2.415451167313101e+16,0.9888991713523865,3.9329490661621094,1.3707707670750822e+18,0.9903157949447632,6.29425048828125e-05,
8,13,3.9307332038879395,4.968865749134096e+27,0.9867357015609741,3.9284720420837402,1.3499000289261711e+28,0.9910369515419006,3.9289467334747314,1.8699995143452885e+28,0.9905990958213806,3.9407968521118164,4.455018743346576e+25,0.986375093460083,3.9566657543182373,1.379674195423178e+28,0.9901354908943176,6.103515625e-05,
8,14,3.941188097000122,1.9438345919088047e+24,0.9869932532310486,4.000793933868408,2.76364629623488e+21,0.9892082810401917,4.053572177886963,9.288722082197689e+21,0.989079475402832,4.061966180801392,2.9220391107843465e+28,0.9924792647361755,4.050966739654541,1.8029369518037325e+27,0.9887704253196716,6.413459777832031e-05,
8,15,4.0985352993011475,3.8655907785095625e+27,0.9866842031478882,4.06560492515564,1.334860911302361e+26,0.9884871244430542,4.072238922119141,3.7134481023684063e+25,0.9742698073387146,4.1896069049835205,2.3359436279711576e+23,0.9908566474914551,4.057204961776733,1.6643768424919676e+20,0.986838698387146,6.4849853515625e-05,
8,16,4.07007908821106,4.758131030279753e+25,0.9865553975105286,4.05923318862915,1.8651483453165986e+28,0.9903157949447632,4.071275949478149,6.350143778274018e+27,0.9876371622085571,4.057032346725464,9.293608735491365e+23,0.9896718859672546,6.516725063323975,2.911800843160742e+27,0.9888734221458435,6.222724914550781e-05,
8,17,3.922475814819336,6.334031764810742e+25,0.9876629114151001,3.9422571659088135,7.479386876167155e+25,0.9907793998718262,3.948286294937134,1.9065977291496685e+26,0.9880750179290771,3.9333720207214355,1.3092454396635866e+25,0.9851645827293396,3.9286038875579834,6.180337817298665e+18,0.990444540977478,6.29425048828125e-05,
8,18,3.945462942123413,4.642756172112632e+23,0.9905733466148376,3.950922966003418,3.2815907681162376e+27,0.9905990958213806,3.945526123046875,5.269766086985394e+27,0.9858084917068481,3.9530928134918213,6.036636199526481e+20,0.9911656975746155,3.9385781288146973,1.1969527231746251e+20,0.9879462122917175,6.198883056640625e-05,
8,19,3.953706979751587,2.1840371055794596e+21,0.9859887957572937,3.945976734161377,1.5082461913477756e+20,0.9914490580558777,3.927116870880127,3.022283558506529e+27,0.9907793998718262,3.928873062133789,9.435481554651444e+26,0.9851903319358826,3.940040111541748,1.202353392275119e+27,0.9910627007484436,6.198883056640625e-05,
8,20,3.924506902694702,1.684566851413885e+27,0.9892855286598206,3.997217893600464,2.9813784790614933e+28,0.9901869893074036,4.056631088256836,1.4384674471502698e+24,0.9907278418540955,4.051565170288086,1.8968638766747132e+28,0.9899551868438721,4.063120126724243,6.229230738873378e+25,0.9867099523544312,6.413459777832031e-05,
8,21,4.05321478843689,2.614067442332018e+27,0.990882396697998,4.066382169723511,6.201220409461862e+27,0.9861175417900085,4.073275089263916,7.646539541619356e+19,0.9912687540054321,4.058674097061157,3.5403902642994565e+28,0.9903672933578491,4.055291175842285,3.3476922110193675e+28,0.9912430047988892,6.4849853515625e-05,
8,22,4.0594658851623535,1.65310322541645e+18,0.990444540977478,4.057841062545776,4.408151654080825e+26,0.9902899861335754,4.093132019042969,3.0163434117668894e+27,0.9876114130020142,4.053246021270752,2.4853202363836816e+22,0.9867099523544312,4.074234962463379,1.2398653481004462e+28,0.990006685256958,6.389617919921875e-05,
8,23,4.067291975021362,5.657753474093885e+28,0.991809606552124,3.934643268585205,3.291437256410507e+28,0.9912430047988892,3.970947742462158,2.5499629775340292e+26,0.9896203279495239,3.9547901153564453,1.814893393442548e+27,0.9860402941703796,3.946627140045166,9.863835612396342e+26,0.9863235950469971,6.29425048828125e-05,
8,24,3.943695068359375,3.9282728148720275e+27,0.9890537261962891,3.9352288246154785,4.0795646095785107e+24,0.9903157949447632,3.9591360092163086,3.392235178397203e+25,0.9898006319999695,3.9323017597198486,6.292169646147069e+26,0.9907535910606384,3.9845829010009766,2.713952503207459e+26,0.9897491335868835,6.985664367675781e-05,
8,25,3.9493250846862793,1.1885004039845972e+27,0.9877916574478149,3.9534058570861816,1.590076336775694e+24,0.9898263812065125,3.9349679946899414,5.416978630965178e+24,0.990032434463501,3.9199938774108887,6.76794899163339e+23,0.990470290184021,3.959831953048706,8.596166885677963e+23,0.9797043204307556,6.198883056640625e-05,
8,26,3.9194841384887695,8.747181144508171e+26,0.9865811467170715,3.956055164337158,4.358980382012826e+26,0.9857311844825745,3.9828481674194336,8.337278995925323e+26,0.9901612401008606,4.067234039306641,6.389532483705312e+25,0.9911399483680725,4.0727219581604,224363387289600.0,0.9883583188056946,6.389617919921875e-05,
8,27,4.062151908874512,1.3973992475284918e+26,0.989079475402832,4.07046914100647,2.0151309244873197e+22,0.986426591873169,4.083418130874634,5.526777660388147e+16,0.9762530326843262,4.068527698516846,2.8138633895246032e+26,0.9905217885971069,4.066295862197876,7.910538659351993e+26,0.983207106590271,6.389617919921875e-05,
8,28,4.056282997131348,1.5180690850552647e+26,0.991346001625061,4.064175128936768,9.281219255382498e+27,0.9916808605194092,4.060894966125488,1.2871369538689984e+20,0.9871993064880371,4.0580408573150635,9.089754199078365e+24,0.9901097416877747,4.050356149673462,6.560164534345732e+27,0.9905475974082947,6.341934204101562e-05,
8,29,4.053988218307495,5.424284910712654e+22,0.9862720966339111,4.069352865219116,3.5321884581920085e+26,0.9914232492446899,3.9410600662231445,7.32797823286618e+27,0.9875598549842834,3.9578607082366943,5.18647215224537e+24,0.9882810711860657,3.977573871612549,2.881159486923795e+24,0.990444540977478,6.29425048828125e-05,
8,30,3.942960023880005,1.1291919819653085e+26,0.9875341057777405,3.9306411743164062,5.506340045563382e+22,0.9899551868438721,3.9312219619750977,1.1494720556987837e+26,0.9882810711860657,3.92124080657959,2.5861549225244885e+19,0.9900839924812317,3.926114797592163,6.838952473142535e+22,0.9724668860435486,6.198883056640625e-05,727.8564112186432
9,1,3.9213650226593018,4.572616995070892e+27,0.9898006319999695,3.940706729888916,1.7087506509536802e+28,0.9909853935241699,3.9576668739318848,2.2259587494344986e+28,0.9907278418540955,4.191975116729736,2.7758657101889536e+16,0.9910369515419006,4.059811115264893,4.843808316635903e+25,0.9907020926475525,6.389617919921875e-05,
9,2,4.0394978523254395,3.160620396235016e+25,0.9904187917709351,4.117459058761597,1.9005116568469604e+23,0.9861947894096375,4.0780298709869385,1.394794327457611e+27,0.988615870475769,4.062093734741211,8.156854491193374e+27,0.9892340302467346,4.148396015167236,2.8537425938808166e+27,0.9911141991615295,6.413459777832031e-05,
9,3,4.048090219497681,1.448184460209029e+17,0.9906505942344666,4.176679849624634,3.4628003812014555e+19,0.9896203279495239,4.0570502281188965,2.884106229774048e+27,0.9892082810401917,4.055617094039917,1.699011986532493e+20,0.97864830493927,4.053680181503296,5.882462151314149e+20,0.9911656975746155,6.604194641113281e-05,
9,4,4.038704872131348,5.125301222428877e+27,0.9910112023353577,4.054118871688843,1.9036134807877714e+18,0.9901869893074036,4.057789087295532,1.1849378507099204e+28,0.9898006319999695,4.051309823989868,1.373420624666668e+24,0.9911399483680725,4.086633920669556,1.4835123050092434e+28,0.9893885254859924,6.508827209472656e-05,
9,5,4.068299055099487,1.2784629176325898e+18,0.990032434463501,4.070920944213867,5.761646599249476e+27,0.9855509400367737,4.062537908554077,4.172463316831337e+20,0.9914748072624207,4.069664001464844,3.864858885491694e+26,0.9900839924812317,4.060290813446045,3.6032873749404258e+25,0.991783857345581,6.413459777832031e-05,
9,6,4.056058168411255,2.6976682248246502e+25,0.989568829536438,3.946821928024292,8.576023500516634e+21,0.9835934638977051,3.921093702316284,7.503272296910841e+19,0.9899294376373291,3.9301278591156006,7.447791494678969e+23,0.9898521900177002,3.9252028465270996,2.7147613929350912e+26,0.9862463474273682,6.198883056640625e-05,
9,7,3.9430720806121826,5.27946936951607e+27,0.990032434463501,3.9764349460601807,1.0673548987151397e+25,0.9901869893074036,3.942446231842041,6.610766462097111e+27,0.990444540977478,3.9343018531799316,1.6095795085886823e+27,0.9884355664253235,3.9322848320007324,1.735845346708307e+28,0.9881265163421631,6.318092346191406e-05,
9,8,3.940990924835205,3.213261962031881e+27,0.984984278678894,3.963901996612549,1.7570282299221911e+28,0.9901097416877747,4.054573059082031,7.196105937991525e+21,0.990496039390564,4.0578179359436035,1.959748223321705e+24,0.9902384877204895,4.060583114624023,8.221970612329853e+26,0.9914490580558777,6.29425048828125e-05,
9,9,4.059612989425659,3.3202713177999366e+28,0.990470290184021,4.050108194351196,6.016092907328321e+25,0.9908308982849121,4.049120903015137,3.1236386473302295e+20,0.988152265548706,4.04911208152771,1.3111694852926472e+19,0.9856024384498596,4.078737735748291,2.193450214684748e+28,0.9908566474914551,6.508827209472656e-05,
9,10,4.068867206573486,9.74231865532319e+19,0.9885643720626831,4.070281028747559,1.4753749144709322e+23,0.9842631220817566,4.061491966247559,8.503940138324197e+18,0.9874568581581116,4.06030011177063,2.417926606797174e+27,0.9890279769897461,4.066449880599976,5.86371582841022e+27,0.9898263812065125,6.413459777832031e-05,
9,11,4.063103914260864,1.818589235511204e+27,0.9914490580558777,4.057053804397583,1.898021814771371e+24,0.9882553219795227,4.06292986869812,3.9414789127413725e+25,0.9837995171546936,4.061102628707886,2.6630019504398306e+24,0.9906248450279236,3.9240081310272217,4.135750394881478e+21,0.9894658327102661,6.29425048828125e-05,
9,12,3.933583974838257,1.3538837287467484e+27,0.9879462122917175,3.966870069503784,1.9179896192541547e+28,0.990006685256958,3.943023204803467,9.059274523941539e+27,0.9903415441513062,3.955396890640259,6.300278657753129e+28,0.9916808605194092,3.940519332885742,2.196647256793651e+28,0.9911399483680725,6.29425048828125e-05,
9,13,3.952075958251953,1.3434403420912477e+24,0.9912945032119751,3.9598770141601562,4.142213614739869e+25,0.9882553219795227,3.950467109680176,6.205892552378148e+23,0.9902127385139465,3.943755865097046,7.8275255071152e+27,0.9884355664253235,4.061511993408203,1.9032499679183116e+25,0.9903672933578491,6.4849853515625e-05,
9,14,4.076688051223755,2.0821630868090537e+23,0.987302303314209,4.068556070327759,6.687893332086959e+27,0.9872250556945801,4.065936803817749,1.4040584889349616e+28,0.991371750831604,4.055701017379761,6.733970642451939e+26,0.9891825318336487,4.061105966567993,6.050415412946384e+22,0.9896718859672546,6.604194641113281e-05,
9,15,4.076207876205444,8.702973218612767e+21,0.9911399483680725,4.094434022903442,2.4851080069534015e+25,0.9908566474914551,4.0664472579956055,6.220243577394387e+26,0.9911914467811584,4.081844091415405,9.609193615491755e+22,0.9909853935241699,4.056950092315674,3.2261460535366754e+27,0.9912430047988892,6.699562072753906e-05,
9,16,4.0496649742126465,6.356507167109685e+27,0.9862720966339111,4.0700647830963135,9.988753126340736e+27,0.9919899106025696,4.054802894592285,4.4028275548062707e+27,0.991783857345581,4.088212966918945,5.482993329898976e+27,0.9911399483680725,4.067990064620972,1.2042911710891788e+28,0.9899551868438721,6.198883056640625e-05,
9,17,4.078704118728638,2.2128228672517958e+27,0.990444540977478,6.778339862823486,4.3083258533707205e+24,0.9920671582221985,3.828594923019409,6.299435449702822e+26,0.9912945032119751,3.837409019470215,1.1482179307445024e+25,0.9910884499549866,3.833252191543579,4.251496074235756e+27,0.9909853935241699,6.198883056640625e-05,
9,18,3.8328800201416016,2.3315883920476074e+26,0.990444540977478,3.838006019592285,1.3763023519674328e+26,0.9891825318336487,3.946652889251709,3.8891189240628574e+21,0.9901869893074036,3.9426660537719727,7.328919090600915e+24,0.9915263056755066,3.9468531608581543,2.0847769976500578e+25,0.9902899861335754,6.198883056640625e-05,
9,19,3.9380881786346436,2.5009341604471397e+25,0.9901354908943176,4.06814169883728,6.330777726110977e+19,0.991809606552124,4.056857109069824,2.0811387924332602e+27,0.9885643720626831,4.060981035232544,1.326790420187276e+28,0.9903415441513062,4.056607961654663,1.569968091926838e+28,0.9903930425643921,6.413459777832031e-05,
9,20,4.065031051635742,8.253865475555155e+27,0.9906248450279236,4.062366962432861,4.3351262331683255e+27,0.9902384877204895,4.056019067764282,1.7793810398293526e+23,0.9911141991615295,4.067450046539307,5.317633174247382e+27,0.9905990958213806,4.067995071411133,5.2920130079122404e+26,0.9853706359863281,6.413459777832031e-05,
9,21,4.055285930633545,2.401208802258517e+26,0.9792664647102356,4.0727832317352295,6.268816363297658e+27,0.9909853935241699,4.065845966339111,3.2385968586932944e+23,0.9790604114532471,4.076529026031494,5.8988149648681014e+26,0.990933895111084,4.057696104049683,1.8713188254814402e+28,0.989543080329895,6.318092346191406e-05,
9,22,4.104974746704102,4.1261709610343095e+27,0.9856281876564026,4.060689926147461,1.2389382295006968e+28,0.9908308982849121,3.9385550022125244,9.2010827371365e+19,0.9858599901199341,3.941986083984375,5.007730234992302e+27,0.9904187917709351,3.9309871196746826,1.6560278513596412e+22,0.9907278418540955,6.222724914550781e-05,
9,23,3.9379749298095703,1.1171072432214603e+26,0.9891825318336487,3.944258213043213,3.584358506763606e+27,0.9912945032119751,3.9320249557495117,2.230672143421051e+28,0.9910627007484436,3.9462809562683105,2.9704109452363764e+26,0.990006685256958,3.9496090412139893,7.795985411671924e+27,0.9889764785766602,6.389617919921875e-05,
9,24,3.9647679328918457,1.2051008584079079e+24,0.9898263812065125,3.9486589431762695,3.8849633682441896e+20,0.990882396697998,4.008386135101318,6.325024201665151e+21,0.9902899861335754,3.9419682025909424,1.4869535769298469e+19,0.9902127385139465,3.9479479789733887,1.9518407670671708e+26,0.985010027885437,6.29425048828125e-05,
9,25,3.958281993865967,1.6886232535422055e+26,0.9888991713523865,3.976472854614258,4.860398208568849e+23,0.9854736328125,4.075352907180786,5.711068167714101e+21,0.9918868541717529,4.078527927398682,1.3526094691713107e+25,0.9902384877204895,4.087665796279907,4.1778301270287853e+24,0.9869160056114197,6.413459777832031e-05,
9,26,4.077830791473389,1.3031532050530824e+28,0.9907793998718262,4.07594895362854,3.029772346304645e+27,0.9892855286598206,4.071310997009277,8.727061847119665e+22,0.9893112778663635,4.0598390102386475,2.8614996711247404e+27,0.991397500038147,4.135483980178833,5.7280020321665024e+17,0.9893370270729065,6.413459777832031e-05,
9,27,4.0733208656311035,1.8210260946755268e+28,0.9916550517082214,4.072153091430664,2.4494622383805856e+21,0.9882553219795227,4.056988954544067,4.322109952295499e+25,0.9857054352760315,4.050974130630493,1.5634908287294505e+18,0.990908145904541,4.064954042434692,6.263475366805532e+26,0.9911914467811584,6.4849853515625e-05,
9,28,4.057722091674805,1.5905082610624038e+28,0.9907793998718262,4.071635007858276,2.804099601673365e+27,0.9902642369270325,3.968621015548706,4.559731051974161e+24,0.988229513168335,3.9424426555633545,4.018619651247309e+16,0.9903157949447632,3.940325975418091,1.6115656695230986e+26,0.9908566474914551,6.198883056640625e-05,
9,29,3.9271769523620605,7.749895569770765e+20,0.9908308982849121,3.9388840198516846,9.764025740449745e+27,0.9908308982849121,3.9645981788635254,5.685028564248157e+27,0.9880492687225342,3.941425085067749,2.7222697711754132e+26,0.9906505942344666,3.9465410709381104,3.0799191559862376e+27,0.9901354908943176,6.175041198730469e-05,
9,30,3.938337802886963,1.179279629249308e+28,0.9894143342971802,3.9540390968322754,1.1809690558585547e+28,0.9902384877204895,3.9266421794891357,9.457050078118235e+27,0.990058183670044,3.9505550861358643,1.7288274134361784e+24,0.9896203279495239,4.052996873855591,2.706095444610656e+27,0.9902642369270325,6.4849853515625e-05,730.6415178775787
10,1,4.060377836227417,1.296790465542807e+27,0.988152265548706,4.061839818954468,1.8814765841352094e+25,0.990032434463501,4.069372177124023,4.72273800029529e+26,0.9915778040885925,4.074842929840088,6.175300624678335e+19,0.991783857345581,4.07512092590332,3.009433533526353e+24,0.9885901212692261,6.413459777832031e-05,
10,2,4.060769081115723,1.4450801518025433e+28,0.9916293025016785,4.042118787765503,1.2972115150315192e+19,0.9892855286598206,4.05622410774231,2.2329216463845146e+25,0.9905475974082947,4.064423084259033,8.658326720079974e+27,0.9871993064880371,4.0594470500946045,5.9533754510555065e+22,0.9885128736495972,6.29425048828125e-05,
10,3,4.041290998458862,2.4671238149873402e+25,0.9899036884307861,4.053937196731567,4.6681482738568e+25,0.991835355758667,4.040925979614258,7.531900642921078e+27,0.9873796105384827,3.9375998973846436,1.083899100945319e+27,0.9816617965698242,3.9354300498962402,3.364151015892532e+27,0.9910627007484436,6.29425048828125e-05,
10,4,3.9318249225616455,1.05365582636782e+28,0.9918868541717529,3.942552089691162,4.4826086737664953e+24,0.990032434463501,3.971447229385376,1.6158881474879384e+28,0.990882396697998,3.9392709732055664,7.619167024045457e+27,0.9874568581581116,3.926352024078369,1.1202636655999127e+26,0.9815844893455505,6.175041198730469e-05,
10,5,3.9468209743499756,1.697550260188772e+27,0.9893370270729065,3.9439737796783447,2.52057094508765e+20,0.988641619682312,3.947127103805542,1.6829703641129677e+25,0.9903415441513062,3.981102705001831,1.1613495690970058e+20,0.9909853935241699,4.053722858428955,3.2275462351988463e+28,0.9907278418540955,6.508827209472656e-05,
10,6,4.056529760360718,2.122728867738706e+25,0.9911914467811584,4.047895908355713,6.845854802521434e+21,0.9910627007484436,4.0738091468811035,4.466123433244728e+19,0.988667368888855,4.062380075454712,4.798868229019862e+22,0.9896718859672546,4.246047019958496,3.6611796035236877e+27,0.9912171959877014,6.29425048828125e-05,
10,7,4.058988809585571,5.591617956307456e+22,0.9891567230224609,4.05794095993042,2.5938715779852393e+26,0.9859887957572937,4.051788091659546,1.7643704472705948e+28,0.9912171959877014,4.064451217651367,6.022773985990425e+27,0.9915005564689636,4.053117752075195,5.345965011961358e+27,0.9925050139427185,6.413459777832031e-05,
10,8,4.063353776931763,6.482897911822782e+25,0.9908051490783691,4.052392959594727,5.991218243908403e+17,0.9853448867797852,4.057208061218262,1.2203638634727877e+28,0.9912945032119751,4.060508966445923,2.0201193366145766e+23,0.991835355758667,4.0480780601501465,1.6639610231680476e+24,0.991397500038147,6.198883056640625e-05,
10,9,3.924550771713257,1.4196505403336836e+26,0.9884355664253235,3.9597396850585938,4.325365160677815e+28,0.9910627007484436,3.9337680339813232,3.385762999888361e+26,0.9881265163421631,3.9442129135131836,1.8547561064095596e+26,0.9914490580558777,3.9470760822296143,1.1647128478862029e+26,0.9880234599113464,6.29425048828125e-05,
10,10,3.9424898624420166,5.703235648222861e+27,0.990058183670044,4.013342380523682,1.2970581658457262e+24,0.9837222695350647,3.93719220161438,3.695843544395382e+26,0.9905733466148376,3.946211099624634,9.21332900968574e+21,0.9907535910606384,3.936336040496826,5.704514574011597e+16,0.989105224609375,6.222724914550781e-05,
10,11,3.9304938316345215,2.505986109372351e+28,0.990959644317627,3.9234392642974854,7.433614047759856e+25,0.988178014755249,3.9253029823303223,1.8310232264605997e+27,0.9889764785766602,3.9320130348205566,3.6764076311406687e+23,0.9849070310592651,3.96002197265625,7.028132476926831e+25,0.9903930425643921,6.29425048828125e-05,
10,12,3.9356470108032227,407194642153472.0,0.9709473252296448,3.943161725997925,2.910978487309936e+26,0.9833359122276306,3.9375569820404053,1.952157359312336e+25,0.9908308982849121,3.9526889324188232,1.1047619848004078e+28,0.9916293025016785,3.921743154525757,3.725856682171236e+21,0.9884355664253235,6.318092346191406e-05,
10,13,3.9185078144073486,2.8127099515111623e+28,0.990444540977478,3.964115858078003,6.365410480758163e+28,0.991397500038147,4.05876088142395,3.4659534903765755e+28,0.9898263812065125,4.074997901916504,2.823910362567489e+25,0.9905217885971069,4.062321901321411,9.309249747085286e+26,0.9887446761131287,6.389617919921875e-05,
10,14,4.066974878311157,1.025133559225422e+28,0.9909853935241699,4.089888095855713,5.3079860614793265e+19,0.9912171959877014,4.0636069774627686,1.7011958625499432e+25,0.990470290184021,4.061521291732788,5.935097479377833e+21,0.9905475974082947,4.062391996383667,1.5060168310277303e+27,0.9880492687225342,6.389617919921875e-05,
10,15,4.064745903015137,2.1125270342793214e+27,0.9901869893074036,4.065946102142334,3.990346846549823e+27,0.9887446761131287,4.066740274429321,6.3410897158144e+18,0.9916293025016785,3.9352200031280518,8.1523291728307e+25,0.9881007671356201,3.916537046432495,3.7679474102461444e+28,0.989980936050415,6.079673767089844e-05,
10,16,4.0551910400390625,4.454291684825498e+16,0.989568829536438,3.9465110301971436,1.220379885486253e+20,0.9920671582221985,3.938246250152588,2.4574312684617147e+27,0.9847009778022766,3.943492889404297,1.284040017009478e+28,0.9897233843803406,3.973040819168091,3.901969823858254e+27,0.9865553975105286,6.604194641113281e-05,
10,17,3.9426608085632324,2.7698584264528862e+23,0.9910369515419006,3.9406957626342773,5.393227046017728e+27,0.9901354908943176,3.943446159362793,5.85379177524647e+27,0.99186110496521,3.9575490951538086,1.4739266721229203e+25,0.9855251908302307,4.083241939544678,1.9515991147198052e+26,0.9890537261962891,6.508827209472656e-05,
10,18,4.071087121963501,2.952298256565747e+22,0.988615870475769,4.072255849838257,1.000217512490272e+27,0.9822283983230591,4.067336320877075,4.014126027826408e+27,0.9880234599113464,4.0625691413879395,2.8308288052488307e+19,0.9841601252555847,4.062438011169434,3.7717476166140717e+27,0.9904187917709351,6.389617919921875e-05,
10,19,4.063412189483643,2.9367771443407343e+27,0.9905217885971069,4.096873044967651,3.1726124345476514e+19,0.9894143342971802,4.0740180015563965,1.0174329142609685e+28,0.9914490580558777,4.068458080291748,1.0092612132398488e+27,0.990882396697998,4.0686140060424805,1.0157624951768154e+28,0.9889507293701172,6.4849853515625e-05,
10,20,4.07101845741272,5.404395442749714e+27,0.9905733466148376,4.08116888999939,2.6781404517420123e+28,0.991397500038147,4.076426029205322,1.1235381902258995e+17,0.9911914467811584,4.071982145309448,4.459471868531644e+28,0.990444540977478,3.9452929496765137,6.559965735226001e+22,0.9905990958213806,6.29425048828125e-05,
10,21,3.956455945968628,1.7625646290849407e+26,0.9918868541717529,7.072452068328857,6.089287809158349e+17,0.9911656975746155,3.898179054260254,6.363884093851738e+27,0.9862978458404541,3.8515210151672363,1.3189856159706408e+23,0.987302303314209,3.8337841033935547,1.1770371176018482e+26,0.989517331123352,6.222724914550781e-05,
10,22,3.833590030670166,7.137240670031454e+27,0.9898521900177002,3.880143165588379,1.0270334853206425e+28,0.9901869893074036,3.9573841094970703,1.5688568453064426e+25,0.9900839924812317,3.976278781890869,2.9455864699834827e+25,0.9916035532951355,3.953411102294922,4.366693717135642e+19,0.9898263812065125,6.198883056640625e-05,
10,23,3.9512622356414795,2.882586227285746e+24,0.9903672933578491,4.083805084228516,7.6335324813330905e+25,0.9903415441513062,4.06525993347168,1.6368934526588284e+23,0.990496039390564,4.054086923599243,1.0829552769741365e+28,0.9905990958213806,4.0566630363464355,2.840903630294142e+19,0.9926595687866211,6.4849853515625e-05,
10,24,4.09207010269165,1.6292630146188137e+25,0.9903415441513062,4.0620880126953125,2.30079173728399e+26,0.989105224609375,4.056819915771484,8.960063507094551e+27,0.9861690402030945,4.04814600944519,2.7271016823023206e+17,0.9854221343994141,4.057555913925171,1.1251321331781499e+23,0.990058183670044,6.413459777832031e-05,
10,25,4.066647052764893,1.4091050163620898e+27,0.9903672933578491,4.077971935272217,3.9445886302696733e+24,0.989594578742981,4.075442790985107,1.2102364607810662e+25,0.9778241515159607,4.025377035140991,4.254448678538938e+24,0.9862978458404541,3.9415431022644043,2.3521728896603425e+22,0.9910884499549866,6.29425048828125e-05,
10,26,3.933349847793579,8.503746103795292e+26,0.991371750831604,3.941275119781494,9.242634127016543e+25,0.9802194237709045,3.93268084526062,2.5641251701487145e+27,0.9860402941703796,3.9574079513549805,4.158116368338373e+26,0.9848297238349915,3.943678855895996,1.6194192721836486e+21,0.9919126629829407,6.29425048828125e-05,
10,27,3.9387078285217285,2.2308036613275987e+28,0.990959644317627,3.9407708644866943,8.645703391749406e+26,0.985885739326477,3.9467990398406982,6.454545475148513e+21,0.9907020926475525,3.9527039527893066,1.7400474725807866e+25,0.989594578742981,3.946502208709717,2.0984384441734902e+27,0.990444540977478,6.389617919921875e-05,
10,28,3.9429609775543213,4.964411967244939e+27,0.990933895111084,3.9458539485931396,8.06130552284459e+22,0.9898006319999695,3.9346771240234375,4.487223776064307e+16,0.9871478080749512,4.000892162322998,7.372978253377255e+27,0.987714409828186,4.057646036148071,1.2183471768662783e+28,0.990470290184021,6.29425048828125e-05,
10,29,4.114569902420044,3.1349769906916906e+28,0.9919899106025696,4.082414150238037,5.7370027443026395e+19,0.9912687540054321,4.082934141159058,8.590496713955371e+26,0.9870447516441345,4.081134796142578,6.426424703031706e+16,0.9910627007484436,4.072654962539673,4.985616647131621e+26,0.9803739786148071,6.4849853515625e-05,
10,30,4.083006858825684,7.30852739561905e+27,0.9887189269065857,4.088963985443115,7.049287058915373e+23,0.989543080329895,4.095752000808716,5.516343778825669e+21,0.989517331123352,4.076079845428467,9.321837613207697e+21,0.9899551868438721,4.078510999679565,1.4619066519359803e+28,0.990470290184021,6.508827209472656e-05,729.7108061313629
