FL_Round,Epoch,Node_ID,Accuracy,Loss,Validation_Accuracy,Validation_Loss,FP,TP,FN,TN,Gradient_Norm,Epoch_Time,Aggregation_Time,FL_Round_Time,Convergence_Time
1,1,0,0.7898756265640259,,0.7897241711616516,0.5152032971382141,0,240,20410,76413,2227.6597,7.746496200561523,1.1920928955078125e-05,0.0,86.45850396156311
1,2,0,0.7899503111839294,0.5138916373252869,0.7897241711616516,0.5137563943862915,0,240,20410,76413,290.00348,8.525126934051514,9.775161743164062e-06,0.0,86.45850396156311
1,3,0,0.7899503111839294,0.5135268568992615,0.7897241711616516,0.5137323141098022,0,240,20410,76413,50.958366,7.951245069503784,9.059906005859375e-06,0.0,86.45850396156311
1,4,0,0.7899503111839294,0.5135276913642883,0.7897241711616516,0.5137320756912231,0,240,20410,76413,27.978426,7.753046989440918,1.52587890625e-05,0.0,86.45850396156311
1,5,0,0.7899503111839294,0.5135311484336853,0.7897241711616516,0.5137315988540649,0,240,20410,76413,69.091545,7.816402912139893,9.775161743164062e-06,0.0,86.45850396156311
1,6,0,0.7899503111839294,0.5135317444801331,0.7897241711616516,0.5137355327606201,0,240,20410,76413,26.660791,7.12601900100708,9.059906005859375e-06,0.0,86.45850396156311
1,7,0,0.7899503111839294,0.5135236978530884,0.7897241711616516,0.5137361288070679,0,240,20410,76413,9.400984,7.458069086074829,0.0,84.40502500534058,86.45850396156311
2,1,0,0.7899503111839294,0.5135242938995361,0.7897241711616516,0.513728141784668,0,240,20410,76413,39.807564,7.761039733886719,9.298324584960938e-06,0.0,86.45850396156311
2,2,0,0.7899503111839294,0.513531506061554,0.7897241711616516,0.5137330889701843,0,240,20410,76413,14.962792,7.4782469272613525,7.867813110351562e-06,0.0,86.45850396156311
2,3,0,0.7899503111839294,0.5135278701782227,0.7897241711616516,0.5137357115745544,0,240,20410,76413,15.756553,8.221223831176758,1.0728836059570312e-05,0.0,86.45850396156311
2,4,0,0.7899503111839294,0.5135235786437988,0.7897241711616516,0.5137336850166321,0,240,20410,76413,106.286285,7.891026020050049,8.821487426757812e-06,0.0,86.45850396156311
2,5,0,0.7899503111839294,0.5135284066200256,0.7897241711616516,0.5137357115745544,0,240,20410,76413,24.048925,7.582010984420776,0.0,59.33850383758545,86.45850396156311
3,1,0,0.7899503111839294,0.5135287642478943,0.7897241711616516,0.5137373208999634,0,240,20410,76413,8.783134,7.392732858657837,9.059906005859375e-06,0.0,86.45850396156311
3,2,0,0.7899503111839294,0.5135260224342346,0.7897241711616516,0.5137320756912231,0,240,20410,76413,21.807077,7.579555034637451,1.0013580322265625e-05,0.0,86.45850396156311
3,3,0,0.7899503111839294,0.5135283470153809,0.7897241711616516,0.5137367248535156,0,240,20410,76413,18.03342,7.534218072891235,9.298324584960938e-06,0.0,86.45850396156311
3,4,0,0.7899503111839294,0.5135257840156555,0.7897241711616516,0.5137355327606201,0,240,20410,76413,24.616957,7.893895149230957,9.059906005859375e-06,0.0,86.45850396156311
3,5,0,0.7899503111839294,0.5135251879692078,0.7897241711616516,0.5137356519699097,0,240,20410,76413,23.810715,8.609135866165161,0.0,61.682271003723145,86.45850396156311
4,1,0,0.7899503111839294,0.5135241150856018,0.7897241711616516,0.5137320756912231,0,240,20410,76413,30.670311,8.97310733795166,3.62396240234375e-05,0.0,86.45850396156311
4,2,0,0.7899503111839294,0.5135301351547241,0.7897241711616516,0.5137349367141724,0,240,20410,76413,35.306,8.188499927520752,9.059906005859375e-06,0.0,86.45850396156311
4,3,0,0.7899503111839294,0.5135260820388794,0.7897241711616516,0.5137355327606201,0,240,20410,76413,25.766247,9.667482852935791,1.0967254638671875e-05,0.0,86.45850396156311
4,4,0,0.7899503111839294,0.5135306715965271,0.7897241711616516,0.5137352347373962,0,240,20410,76413,31.654732,7.5828447341918945,1.0013580322265625e-05,0.0,86.45850396156311
4,5,0,0.7899503111839294,0.513528048992157,0.7897241711616516,0.5137323141098022,0,240,20410,76413,13.767487,8.235345363616943,0.0,66.37069392204285,86.45850396156311
5,1,0,0.7899503111839294,0.5135292410850525,0.7897241711616516,0.5137333273887634,0,240,20410,76413,53.139435,8.188915967941284,1.0013580322265625e-05,0.0,86.45850396156311
5,2,0,0.7899503111839294,0.5135278701782227,0.7897241711616516,0.5137401223182678,0,240,20410,76413,74.29586,8.625041961669922,9.059906005859375e-06,0.0,86.45850396156311
5,3,0,0.7899503111839294,0.5135281085968018,0.7897241711616516,0.5137388706207275,0,240,20410,76413,12.347456,8.034860134124756,9.775161743164062e-06,0.0,86.45850396156311
5,4,0,0.7899503111839294,0.5135357975959778,0.7897241711616516,0.5137355327606201,0,240,20410,76413,58.832092,7.606514930725098,8.821487426757812e-06,0.0,86.45850396156311
5,5,0,0.7899503111839294,0.5135185718536377,0.7897241711616516,0.513737142086029,0,240,20410,76413,64.15322,8.391347885131836,0.0,64.64074611663818,86.45850396156311
6,1,0,0.7899503111839294,0.5135306715965271,0.7897241711616516,0.5137326717376709,0,240,20410,76413,8.374004,8.594806909561157,3.4809112548828125e-05,0.0,86.45850396156311
6,2,0,0.7899503111839294,0.5135247707366943,0.7897241711616516,0.513736367225647,0,240,20410,76413,9.242212,8.601521253585815,8.821487426757812e-06,0.0,86.45850396156311
6,3,0,0.7899503111839294,0.5135293006896973,0.7897241711616516,0.5137354731559753,0,240,20410,76413,26.808159,7.322196960449219,9.059906005859375e-06,0.0,86.45850396156311
6,4,0,0.7899503111839294,0.5135259032249451,0.7897241711616516,0.5137364268302917,0,240,20410,76413,2.950035,8.187997102737427,1.0013580322265625e-05,0.0,86.45850396156311
6,5,0,0.7899503111839294,0.5135226845741272,0.7897241711616516,0.5137382745742798,0,240,20410,76413,68.22884,7.86693811416626,0.0,64.55036115646362,86.45850396156311
7,1,0,0.7899503111839294,0.5135271549224854,0.7897241711616516,0.5137327909469604,0,240,20410,76413,19.691662,9.38915491104126,7.867813110351562e-06,0.0,86.45850396156311
7,2,0,0.7899503111839294,0.5135313868522644,0.7897241711616516,0.513735294342041,0,240,20410,76413,23.76765,7.871809005737305,1.0967254638671875e-05,0.0,86.45850396156311
7,3,0,0.7899503111839294,0.5135307312011719,0.7897241711616516,0.5137365460395813,0,240,20410,76413,9.193035,9.178036212921143,1.0013580322265625e-05,0.0,86.45850396156311
7,4,0,0.7899503111839294,0.5135284066200256,0.7897241711616516,0.5137349367141724,0,240,20410,76413,5.376484,8.946139812469482,1.0013580322265625e-05,0.0,86.45850396156311
7,5,0,0.7899503111839294,0.5135274529457092,0.7897241711616516,0.5137267112731934,0,240,20410,76413,35.748596,9.540604829788208,0.0,71.57459998130798,86.45850396156311
8,1,0,0.7899503111839294,0.5135308504104614,0.7897241711616516,0.5137361884117126,0,240,20410,76413,27.33377,11.917647123336792,1.0013580322265625e-05,0.0,86.45850396156311
8,2,0,0.7899503111839294,0.5135239958763123,0.7897241711616516,0.5137367844581604,0,240,20410,76413,7.2531433,9.150538206100464,1.621246337890625e-05,0.0,86.45850396156311
8,3,0,0.7899503111839294,0.5135287642478943,0.7897241711616516,0.5137331485748291,0,240,20410,76413,40.768066,9.495285034179688,1.0251998901367188e-05,0.0,86.45850396156311
8,4,0,0.7899503111839294,0.5135253071784973,0.7897241711616516,0.5137321352958679,0,240,20410,76413,18.70857,10.728613138198853,1.71661376953125e-05,0.0,86.45850396156311
8,5,0,0.7899503111839294,0.5135270953178406,0.7897241711616516,0.5137354135513306,0,240,20410,76413,24.846539,10.141180038452148,0.0,78.74765801429749,86.45850396156311
9,1,0,0.7899503111839294,0.513529896736145,0.7897241711616516,0.5137333869934082,0,240,20410,76413,1.4064617,8.799808025360107,1.1205673217773438e-05,0.0,86.45850396156311
9,2,0,0.7899503111839294,0.5135278105735779,0.7897241711616516,0.5137380361557007,0,240,20410,76413,0.009105682,10.642972946166992,1.0013580322265625e-05,0.0,86.45850396156311
9,3,0,0.7899503111839294,0.5135257840156555,0.7897241711616516,0.5137360095977783,0,240,20410,76413,38.963337,10.129278182983398,9.059906005859375e-06,0.0,86.45850396156311
9,4,0,0.7899503111839294,0.5135294198989868,0.7897241711616516,0.5137364864349365,0,240,20410,76413,54.111485,9.9008150100708,1.0013580322265625e-05,0.0,86.45850396156311
9,5,0,0.7899503111839294,0.513527512550354,0.7897241711616516,0.5137367844581604,0,240,20410,76413,11.009199,7.77532696723938,0.0,74.42957091331482,86.45850396156311
10,1,0,0.7899503111839294,0.5135269165039062,0.7897241711616516,0.5137266516685486,0,240,20410,76413,35.50359,8.249957799911499,1.5020370483398438e-05,0.0,86.45850396156311
10,2,0,0.7899503111839294,0.5135303139686584,0.7897241711616516,0.5137346982955933,0,240,20410,76413,31.125505,7.572186708450317,9.059906005859375e-06,0.0,86.45850396156311
10,3,0,0.7899503111839294,0.5135228633880615,0.7897241711616516,0.51373690366745,0,240,20410,76413,77.15768,7.464745044708252,1.0013580322265625e-05,0.0,86.45850396156311
10,4,0,0.7899503111839294,0.5135246515274048,0.7897241711616516,0.5137333273887634,0,240,20410,76413,17.231224,8.437264919281006,1.0967254638671875e-05,0.0,86.45850396156311
10,5,0,0.7899503111839294,0.5135276317596436,0.7897241711616516,0.5137318968772888,0,240,20410,76413,21.280613,8.083834886550903,0.0,63.41653490066528,86.45850396156311
11,1,0,0.7899503111839294,0.5135294198989868,0.7897241711616516,0.5137389302253723,0,240,20410,76413,10.349899,7.691521883010864,8.821487426757812e-06,0.0,86.45850396156311
11,2,0,0.7899503111839294,0.5135250091552734,0.7897241711616516,0.5137336850166321,0,240,20410,76413,7.1762466,7.634913921356201,8.344650268554688e-06,0.0,86.45850396156311
11,3,0,0.7899503111839294,0.5135151743888855,0.7897241711616516,0.513735830783844,0,240,20410,76413,38.4865,7.294783115386963,1.1205673217773438e-05,0.0,86.45850396156311
11,4,0,0.7899503111839294,0.5135241746902466,0.7897241711616516,0.5137338042259216,0,240,20410,76413,52.843414,7.596158027648926,8.821487426757812e-06,0.0,86.45850396156311
11,5,0,0.7899503111839294,0.5135233998298645,0.7897241711616516,0.5137342214584351,0,240,20410,76413,25.184065,7.523108959197998,0.0,62.19545078277588,86.45850396156311
12,1,0,0.7899503111839294,0.5135263800621033,0.7897241711616516,0.513734757900238,0,240,20410,76413,34.887344,7.635676145553589,8.821487426757812e-06,0.0,86.45850396156311
12,2,0,0.7899503111839294,0.5135248899459839,0.7897241711616516,0.5137355923652649,0,240,20410,76413,4.9289074,7.640830039978027,9.059906005859375e-06,0.0,86.45850396156311
12,3,0,0.7899503111839294,0.5135251879692078,0.7897241711616516,0.513733983039856,0,240,20410,76413,7.5801754,8.14794111251831,8.821487426757812e-06,0.0,86.45850396156311
12,4,0,0.7899503111839294,0.5135251879692078,0.7897241711616516,0.5137352347373962,0,240,20410,76413,1.5931778,8.36373496055603,8.821487426757812e-06,0.0,86.45850396156311
12,5,0,0.7899503111839294,0.513528048992157,0.7897241711616516,0.5137321352958679,0,240,20410,76413,2.3420582,7.629157781600952,0.0,63.6727180480957,86.45850396156311
13,1,0,0.7899503111839294,0.5135302543640137,0.7897241711616516,0.5137330889701843,0,240,20410,76413,8.149673,8.877436876296997,1.6927719116210938e-05,0.0,86.45850396156311
13,2,0,0.7899503111839294,0.5135271549224854,0.7897241711616516,0.5137329697608948,0,240,20410,76413,14.161154,10.643763065338135,5.91278076171875e-05,0.0,86.45850396156311
13,3,0,0.7899503111839294,0.5135236382484436,0.7897241711616516,0.5137357711791992,0,240,20410,76413,57.856995,11.366570949554443,1.2159347534179688e-05,0.0,86.45850396156311
13,4,0,0.7899503111839294,0.5135272741317749,0.7897241711616516,0.5137355327606201,0,240,20410,76413,22.490093,12.60684084892273,1.2159347534179688e-05,0.0,86.45850396156311
13,5,0,0.7899503111839294,0.5135255455970764,0.7897241711616516,0.5137346982955933,0,240,20410,76413,22.29313,11.607679843902588,0.0,89.2204201221466,86.45850396156311
14,1,0,0.7899503111839294,0.5135288834571838,0.7897241711616516,0.5137346982955933,0,240,20410,76413,57.344788,10.372785091400146,1.0013580322265625e-05,0.0,86.45850396156311
14,2,0,0.7899503111839294,0.5135251879692078,0.7897241711616516,0.5137324929237366,0,240,20410,76413,13.388632,10.10258674621582,1.0013580322265625e-05,0.0,86.45850396156311
14,3,0,0.7899503111839294,0.5135298371315002,0.7897241711616516,0.5137357115745544,0,240,20410,76413,15.591892,9.861059188842773,1.4066696166992188e-05,0.0,86.45850396156311
14,4,0,0.7899503111839294,0.5135312080383301,0.7897241711616516,0.5137335658073425,0,240,20410,76413,43.154404,11.014193773269653,1.0013580322265625e-05,0.0,86.45850396156311
14,5,0,0.7899503111839294,0.513524055480957,0.7897241711616516,0.5137333273887634,0,240,20410,76413,17.356287,11.38975477218628,0.0,84.44552087783813,86.45850396156311
15,1,0,0.7899503111839294,0.51352858543396,0.7897241711616516,0.5137320756912231,0,240,20410,76413,2.9766312,11.211745023727417,1.3113021850585938e-05,0.0,86.45850396156311
15,2,0,0.7899503111839294,0.5135263800621033,0.7897241711616516,0.5137348771095276,0,240,20410,76413,13.007423,10.39189100265503,1.0967254638671875e-05,0.0,86.45850396156311
15,3,0,0.7899503111839294,0.5135253667831421,0.7897241711616516,0.5137308239936829,0,240,20410,76413,5.014166,11.201884984970093,1.0013580322265625e-05,0.0,86.45850396156311
15,4,0,0.7899503111839294,0.513526201248169,0.7897241711616516,0.5137327909469604,0,240,20410,76413,19.670544,10.913933753967285,1.0013580322265625e-05,0.0,86.45850396156311
15,5,0,0.7899503111839294,0.5135307908058167,0.7897241711616516,0.5137357115745544,0,240,20410,76413,22.691055,10.649806022644043,0.0,86.45851492881775,86.45850396156311
1,1,1,0.7890282273292542,102957026639872.0,0.7885394096374512,0.5145694017410278,0,0,20525,76538,2279.9077,11.534117221832275,0.008276939392089844,0.0,73.35803389549255
1,2,1,0.7911995053291321,0.5118383169174194,0.7909089922904968,0.5121902823448181,0,230,20295,76538,43.58042,8.87699031829834,9.775161743164062e-06,0.0,73.35803389549255
1,3,1,0.7911995053291321,0.5118580460548401,0.7909089922904968,0.5121937394142151,0,230,20295,76538,24.154116,9.460300922393799,8.106231689453125e-06,0.0,73.35803389549255
1,4,1,0.7911995053291321,0.5118513107299805,0.7909089922904968,0.5121898055076599,0,230,20295,76538,36.48413,9.998141288757324,1.1920928955078125e-05,0.0,73.35803389549255
1,5,1,0.7911995053291321,0.5118533372879028,0.7909089922904968,0.5121917128562927,0,230,20295,76538,2.8547611,11.370589017868042,1.621246337890625e-05,0.0,73.35803389549255
1,6,1,0.7911995053291321,0.5118569135665894,0.7909089922904968,0.5121949315071106,0,230,20295,76538,27.934261,12.04435133934021,0.0,101.781494140625,73.35803389549255
2,1,1,0.7911995053291321,0.5118483304977417,0.7909089922904968,0.5122053623199463,0,230,20295,76538,21.116173,11.496315002441406,1.0013580322265625e-05,0.0,73.35803389549255
2,2,1,0.7911995053291321,0.5118622779846191,0.7909089922904968,0.5121963620185852,0,230,20295,76538,18.273066,11.418143033981323,1.0967254638671875e-05,0.0,73.35803389549255
2,3,1,0.7911995053291321,0.5118541121482849,0.7909089922904968,0.5121925473213196,0,230,20295,76538,53.724503,11.08645486831665,9.059906005859375e-06,0.0,73.35803389549255
2,4,1,0.7911995053291321,0.5118519067764282,0.7909089922904968,0.5121896266937256,0,230,20295,76538,17.208012,11.208853006362915,1.0967254638671875e-05,0.0,73.35803389549255
2,5,1,0.7911995053291321,0.5118547081947327,0.7909089922904968,0.512190043926239,0,230,20295,76538,19.350657,12.526602029800415,0.0,92.10595726966858,73.35803389549255
3,1,1,0.7911995053291321,0.5118685960769653,0.7909089922904968,0.51219242811203,0,230,20295,76538,12.272485,12.305128335952759,1.2159347534179688e-05,0.0,73.35803389549255
3,2,1,0.7911995053291321,0.5118629932403564,0.7909089922904968,0.5121927261352539,0,230,20295,76538,9.262466,11.093461990356445,1.0967254638671875e-05,0.0,73.35803389549255
3,3,1,0.7911995053291321,0.511853814125061,0.7909089922904968,0.5121907591819763,0,230,20295,76538,18.23131,10.700184106826782,1.0967254638671875e-05,0.0,73.35803389549255
3,4,1,0.7911995053291321,0.5118625164031982,0.7909089922904968,0.5122011303901672,0,230,20295,76538,25.361668,11.789598941802979,1.0013580322265625e-05,0.0,73.35803389549255
3,5,1,0.7911995053291321,0.5118659734725952,0.7909089922904968,0.5121938586235046,0,230,20295,76538,3.0678377,10.316218852996826,0.0,88.88037371635437,73.35803389549255
4,1,1,0.7911995053291321,0.5118436813354492,0.7909089922904968,0.5122079849243164,0,230,20295,76538,22.085615,10.735177040100098,1.3828277587890625e-05,0.0,73.35803389549255
4,2,1,0.7911995053291321,0.5118566155433655,0.7909089922904968,0.512196958065033,0,230,20295,76538,32.688507,10.653986930847168,1.0013580322265625e-05,0.0,73.35803389549255
4,3,1,0.7911995053291321,0.5118631720542908,0.7909089922904968,0.5121912360191345,0,230,20295,76538,18.49772,10.666308164596558,1.0967254638671875e-05,0.0,73.35803389549255
4,4,1,0.7911995053291321,0.5118594169616699,0.7909089922904968,0.5121957063674927,0,230,20295,76538,1.4373827,10.015540838241577,1.0967254638671875e-05,0.0,73.35803389549255
4,5,1,0.7911995053291321,0.5118356347084045,0.7909089922904968,0.5121970176696777,0,230,20295,76538,29.523626,10.519542932510376,0.0,83.82447385787964,73.35803389549255
5,1,1,0.7911995053291321,0.5118502378463745,0.7909089922904968,0.5121932029724121,0,230,20295,76538,6.6984415,11.103480100631714,1.2159347534179688e-05,0.0,73.35803389549255
5,2,1,0.7911995053291321,0.5118515491485596,0.7909089922904968,0.5122040510177612,0,230,20295,76538,43.152622,11.222400188446045,1.0967254638671875e-05,0.0,73.35803389549255
5,3,1,0.7911995053291321,0.5118611454963684,0.7909089922904968,0.5121966600418091,0,230,20295,76538,25.757305,11.012891054153442,1.0013580322265625e-05,0.0,73.35803389549255
5,4,1,0.7911995053291321,0.5118468999862671,0.7909089922904968,0.512195348739624,0,230,20295,76538,26.241795,10.058674097061157,9.059906005859375e-06,0.0,73.35803389549255
5,5,1,0.7911995053291321,0.511854350566864,0.7909089922904968,0.5121952295303345,0,230,20295,76538,1.740942,9.467430114746094,0.0,84.23418807983398,73.35803389549255
6,1,1,0.7911995053291321,0.5118509531021118,0.7909089922904968,0.5122028589248657,0,230,20295,76538,36.660164,9.160056114196777,1.811981201171875e-05,0.0,73.35803389549255
6,2,1,0.7911995053291321,0.5118575096130371,0.7909089922904968,0.5121951103210449,0,230,20295,76538,26.437931,8.888151168823242,8.821487426757812e-06,0.0,73.35803389549255
6,3,1,0.7911995053291321,0.5118580460548401,0.7909089922904968,0.5121955275535583,0,230,20295,76538,15.501948,9.901329040527344,9.059906005859375e-06,0.0,73.35803389549255
6,4,1,0.7911995053291321,0.5118703842163086,0.7909089922904968,0.5121922492980957,0,230,20295,76538,16.733248,12.060785055160522,1.0013580322265625e-05,0.0,73.35803389549255
6,5,1,0.7911995053291321,0.5118662118911743,0.7909089922904968,0.5121886730194092,0,230,20295,76538,19.979324,10.56827974319458,0.0,80.34833717346191,73.35803389549255
7,1,1,0.7911995053291321,0.5118343830108643,0.7909089922904968,0.5121912360191345,0,230,20295,76538,6.2195635,10.044025897979736,1.0967254638671875e-05,0.0,73.35803389549255
7,2,1,0.7911995053291321,0.511843204498291,0.7909089922904968,0.5121957063674927,0,230,20295,76538,1.4054775,10.095908880233765,1.0013580322265625e-05,0.0,73.35803389549255
7,3,1,0.7911995053291321,0.5118479132652283,0.7909089922904968,0.5121933221817017,0,230,20295,76538,15.402552,9.963143110275269,8.821487426757812e-06,0.0,73.35803389549255
7,4,1,0.7911995053291321,0.5118529200553894,0.7909089922904968,0.5121944546699524,0,230,20295,76538,22.1563,9.52622103691101,1.0013580322265625e-05,0.0,73.35803389549255
7,5,1,0.7911995053291321,0.5118412971496582,0.7909089922904968,0.5121938586235046,0,230,20295,76538,3.3773918,9.695877075195312,0.0,79.56844902038574,73.35803389549255
8,1,1,0.7911995053291321,0.5118440389633179,0.7909089922904968,0.5121976137161255,0,230,20295,76538,69.14043,13.045804023742676,6.341934204101562e-05,0.0,73.35803389549255
8,2,1,0.7911995053291321,0.5118603706359863,0.7909089922904968,0.5121939778327942,0,230,20295,76538,15.901453,11.24331784248352,1.5020370483398438e-05,0.0,73.35803389549255
8,3,1,0.7911995053291321,0.5118452906608582,0.7909089922904968,0.5121926069259644,0,230,20295,76538,10.740147,12.585859775543213,1.0967254638671875e-05,0.0,73.35803389549255
8,4,1,0.7911995053291321,0.5118511915206909,0.7909089922904968,0.5122038125991821,0,230,20295,76538,37.82865,13.161805152893066,1.3113021850585938e-05,0.0,73.35803389549255
8,5,1,0.7911995053291321,0.5118488669395447,0.7909089922904968,0.5121937394142151,0,230,20295,76538,13.375631,12.238074779510498,0.0,99.3317711353302,73.35803389549255
9,1,1,0.7911995053291321,0.5118533372879028,0.7909089922904968,0.5121939182281494,0,230,20295,76538,4.9072094,10.340135097503662,4.00543212890625e-05,0.0,73.35803389549255
9,2,1,0.7911995053291321,0.5118585824966431,0.7909089922904968,0.512195348739624,0,230,20295,76538,28.158699,13.018908023834229,1.3113021850585938e-05,0.0,73.35803389549255
9,3,1,0.7911995053291321,0.5118658542633057,0.7909089922904968,0.5122033357620239,0,230,20295,76538,36.78663,13.063116073608398,1.3113021850585938e-05,0.0,73.35803389549255
9,4,1,0.7911995053291321,0.5118456482887268,0.7909089922904968,0.5121937990188599,0,230,20295,76538,24.186367,11.193498849868774,1.0967254638671875e-05,0.0,73.35803389549255
9,5,1,0.7911995053291321,0.5118411779403687,0.7909089922904968,0.5121902823448181,0,230,20295,76538,9.788049,11.566370010375977,0.0,95.22808504104614,73.35803389549255
10,1,1,0.7911995053291321,0.511864185333252,0.7909089922904968,0.512190043926239,0,230,20295,76538,19.155006,16.288130044937134,8.797645568847656e-05,0.0,73.35803389549255
10,2,1,0.7911995053291321,0.5118367671966553,0.7909089922904968,0.5121927857398987,0,230,20295,76538,51.2958,14.663554668426514,1.5020370483398438e-05,0.0,73.35803389549255
10,3,1,0.7911995053291321,0.5118395686149597,0.7909089922904968,0.5121945142745972,0,230,20295,76538,66.20011,14.6923987865448,1.1920928955078125e-05,0.0,73.35803389549255
10,4,1,0.7911995053291321,0.5118363499641418,0.7909089922904968,0.5121942162513733,0,230,20295,76538,30.621971,13.70070195198059,1.3828277587890625e-05,0.0,73.35803389549255
10,5,1,0.7911995053291321,0.511845052242279,0.7909089922904968,0.512188732624054,0,230,20295,76538,36.88057,12.05467700958252,0.0,111.30325388908386,73.35803389549255
11,1,1,0.7911995053291321,0.5118417143821716,0.7909089922904968,0.5121973156929016,0,230,20295,76538,19.592812,12.003298044204712,1.0013580322265625e-05,0.0,73.35803389549255
11,2,1,0.7911995053291321,0.5118729472160339,0.7909089922904968,0.5121922492980957,0,230,20295,76538,11.960261,10.708473920822144,1.0967254638671875e-05,0.0,73.35803389549255
11,3,1,0.7911995053291321,0.5118484497070312,0.7909089922904968,0.5121938586235046,0,230,20295,76538,13.797562,10.989933013916016,1.2874603271484375e-05,0.0,73.35803389549255
11,4,1,0.7911995053291321,0.5118595361709595,0.7909089922904968,0.5121958255767822,0,230,20295,76538,1.295351,13.482481002807617,1.5020370483398438e-05,0.0,73.35803389549255
11,5,1,0.7911995053291321,0.5118586421012878,0.7909089922904968,0.5122033357620239,0,230,20295,76538,36.83053,12.045061826705933,0.0,94.01483988761902,73.35803389549255
12,1,1,0.7911995053291321,0.5118591785430908,0.7909089922904968,0.5122014880180359,0,230,20295,76538,46.648697,16.884698152542114,7.796287536621094e-05,0.0,73.35803389549255
12,2,1,0.7911995053291321,0.5118514895439148,0.7909089922904968,0.5121958255767822,0,230,20295,76538,16.2047,18.594040155410767,1.2874603271484375e-05,0.0,73.35803389549255
12,3,1,0.7911995053291321,0.5118499994277954,0.7909089922904968,0.5121942758560181,0,230,20295,76538,0.7187891,19.402388095855713,1.2874603271484375e-05,0.0,73.35803389549255
12,4,1,0.7911995053291321,0.5118439793586731,0.7909089922904968,0.5121912360191345,0,230,20295,76538,31.97495,17.482155084609985,2.7894973754882812e-05,0.0,73.35803389549255
12,5,1,0.7911995053291321,0.5118520855903625,0.7909089922904968,0.5121906399726868,0,230,20295,76538,18.139517,13.472400188446045,0.0,133.01175999641418,73.35803389549255
13,1,1,0.7911995053291321,0.5118392109870911,0.7909089922904968,0.5121926069259644,0,230,20295,76538,3.6256266,11.28250002861023,1.1205673217773438e-05,0.0,73.35803389549255
13,2,1,0.7911995053291321,0.5118451714515686,0.7909089922904968,0.5121968388557434,0,230,20295,76538,32.827568,10.070153951644897,1.2159347534179688e-05,0.0,73.35803389549255
13,3,1,0.7911995053291321,0.5118487477302551,0.7909089922904968,0.5121930837631226,0,230,20295,76538,17.16463,9.96445894241333,1.0013580322265625e-05,0.0,73.35803389549255
13,4,1,0.7911995053291321,0.5118449330329895,0.7909089922904968,0.5121968388557434,0,230,20295,76538,33.64605,10.288547992706299,9.298324584960938e-06,0.0,73.35803389549255
13,5,1,0.7911995053291321,0.511847972869873,0.7909089922904968,0.5122020244598389,0,230,20295,76538,22.895866,9.96337604522705,0.0,82.07552313804626,73.35803389549255
14,1,1,0.7911995053291321,0.5118582844734192,0.7909089922904968,0.5121898055076599,0,230,20295,76538,36.562286,10.517844915390015,1.0967254638671875e-05,0.0,73.35803389549255
14,2,1,0.7911995053291321,0.5118483901023865,0.7909089922904968,0.5121848583221436,0,230,20295,76538,83.703415,9.948013067245483,1.1920928955078125e-05,0.0,73.35803389549255
14,3,1,0.7911995053291321,0.5118569731712341,0.7909089922904968,0.5121937394142151,0,230,20295,76538,15.040119,9.867831945419312,1.1205673217773438e-05,0.0,73.35803389549255
14,4,1,0.7911995053291321,0.5118383169174194,0.7909089922904968,0.5121974349021912,0,230,20295,76538,19.647774,10.393526077270508,1.0967254638671875e-05,0.0,73.35803389549255
14,5,1,0.7911995053291321,0.5118421316146851,0.7909089922904968,0.5121926069259644,0,230,20295,76538,47.04549,9.973689794540405,0.0,81.73055386543274,73.35803389549255
15,1,1,0.7911995053291321,0.5118492245674133,0.7909089922904968,0.5121886134147644,0,230,20295,76538,79.08871,9.532825708389282,9.059906005859375e-06,0.0,73.35803389549255
15,2,1,0.7911995053291321,0.5118616819381714,0.7909089922904968,0.5121963620185852,0,230,20295,76538,27.093613,9.13955307006836,1.0967254638671875e-05,0.0,73.35803389549255
15,3,1,0.7911995053291321,0.5118399858474731,0.7909089922904968,0.512188732624054,0,230,20295,76538,36.95692,8.847829103469849,9.059906005859375e-06,0.0,73.35803389549255
15,4,1,0.7911995053291321,0.5118541121482849,0.7909089922904968,0.5121959447860718,0,230,20295,76538,2.0593605,8.79498291015625,1.0013580322265625e-05,0.0,73.35803389549255
15,5,1,0.7911995053291321,0.5118642449378967,0.7909089922904968,0.512195348739624,0,230,20295,76538,28.237682,9.305186033248901,0.0,73.35804200172424,73.35803389549255
1,1,2,0.7882683873176575,1.1532112830953706e+21,0.7862728238105774,0.5201268792152405,0,0,20745,76318,2256.142,10.55762004852295,0.041494131088256836,0.0,65.34493398666382
1,2,2,0.7904757261276245,0.5128217339515686,0.788529098033905,0.515365719795227,0,219,20526,76318,9.836391,10.184139728546143,1.0013580322265625e-05,0.0,65.34493398666382
1,3,2,0.7904757261276245,0.5128301978111267,0.788529098033905,0.5153748989105225,0,219,20526,76318,0.16788673,9.696507930755615,1.0013580322265625e-05,0.0,65.34493398666382
1,4,2,0.7904757261276245,0.5128339529037476,0.788529098033905,0.5153765082359314,0,219,20526,76318,1.0449619,10.547127962112427,8.821487426757812e-06,0.0,65.34493398666382
1,5,2,0.7904757261276245,0.5128099918365479,0.788529098033905,0.5153637528419495,0,219,20526,76318,11.497017,10.381736040115356,1.0967254638671875e-05,0.0,65.34493398666382
1,6,2,0.7904757261276245,0.5128256678581238,0.788529098033905,0.5153733491897583,0,219,20526,76318,26.768202,11.44751501083374,0.0,99.27186512947083,65.34493398666382
2,1,2,0.7904757261276245,0.5128176808357239,0.788529098033905,0.5153753161430359,0,219,20526,76318,31.269075,12.264641761779785,1.0967254638671875e-05,0.0,65.34493398666382
2,2,2,0.7904757261276245,0.5128042101860046,0.788529098033905,0.5153651237487793,0,219,20526,76318,14.469297,11.510626077651978,1.2159347534179688e-05,0.0,65.34493398666382
2,3,2,0.7904757261276245,0.51282799243927,0.788529098033905,0.515365719795227,0,219,20526,76318,9.63707,9.268444061279297,1.0013580322265625e-05,0.0,65.34493398666382
2,4,2,0.7904757261276245,0.5128313899040222,0.788529098033905,0.515372097492218,0,219,20526,76318,27.355309,8.284219980239868,8.821487426757812e-06,0.0,65.34493398666382
2,5,2,0.7904757261276245,0.5128269791603088,0.788529098033905,0.5153759121894836,0,219,20526,76318,17.100819,9.254493951797485,0.0,80.39277911186218,65.34493398666382
3,1,2,0.7904757261276245,0.5128114223480225,0.788529098033905,0.5153728127479553,0,219,20526,76318,6.931225,10.908813953399658,1.3113021850585938e-05,0.0,65.34493398666382
3,2,2,0.7904757261276245,0.512829601764679,0.788529098033905,0.5153734087944031,0,219,20526,76318,5.743637,10.49548602104187,1.0013580322265625e-05,0.0,65.34493398666382
3,3,2,0.7904757261276245,0.5128244757652283,0.788529098033905,0.5153651237487793,0,219,20526,76318,14.009115,9.641407012939453,8.821487426757812e-06,0.0,65.34493398666382
3,4,2,0.7904757261276245,0.5128230452537537,0.788529098033905,0.5153750777244568,0,219,20526,76318,23.33458,8.851596117019653,9.059906005859375e-06,0.0,65.34493398666382
3,5,2,0.7904757261276245,0.51279217004776,0.788529098033905,0.5153763890266418,0,219,20526,76318,2.7078,8.543487071990967,0.0,76.98998093605042,65.34493398666382
4,1,2,0.7904757261276245,0.5128154158592224,0.788529098033905,0.5153831839561462,0,219,20526,76318,41.431137,8.995868921279907,1.1920928955078125e-05,0.0,65.34493398666382
4,2,2,0.7904757261276245,0.5128046870231628,0.788529098033905,0.5153667330741882,0,219,20526,76318,56.604645,9.076212882995605,1.0967254638671875e-05,0.0,65.34493398666382
4,3,2,0.7904757261276245,0.5128290057182312,0.788529098033905,0.5153625011444092,0,219,20526,76318,15.228104,10.017529964447021,8.821487426757812e-06,0.0,65.34493398666382
4,4,2,0.7904757261276245,0.5128069519996643,0.788529098033905,0.5153689384460449,0,219,20526,76318,32.89205,8.611971139907837,9.059906005859375e-06,0.0,65.34493398666382
4,5,2,0.7904757261276245,0.5128186345100403,0.788529098033905,0.515373170375824,0,219,20526,76318,4.1091785,8.156314134597778,0.0,71.14135694503784,65.34493398666382
5,1,2,0.7904757261276245,0.5128194093704224,0.788529098033905,0.5153670907020569,0,219,20526,76318,30.08258,7.882962942123413,9.059906005859375e-06,0.0,65.34493398666382
5,2,2,0.7904757261276245,0.5128288269042969,0.788529098033905,0.5153771638870239,0,219,20526,76318,10.651201,7.551587104797363,9.059906005859375e-06,0.0,65.34493398666382
5,3,2,0.7904757261276245,0.5128231048583984,0.788529098033905,0.5153725743293762,0,219,20526,76318,6.2618713,8.50638222694397,8.821487426757812e-06,0.0,65.34493398666382
5,4,2,0.7904757261276245,0.5128026604652405,0.788529098033905,0.5153825283050537,0,219,20526,76318,80.33893,7.8327317237854,9.059906005859375e-06,0.0,65.34493398666382
5,5,2,0.7904757261276245,0.5128020644187927,0.788529098033905,0.5153865814208984,0,219,20526,76318,77.77583,8.673166990280151,0.0,66.14486384391785,65.34493398666382
6,1,2,0.7904757261276245,0.5128036737442017,0.788529098033905,0.5153757929801941,0,219,20526,76318,3.2887192,8.995508909225464,9.298324584960938e-06,0.0,65.34493398666382
6,2,2,0.7904757261276245,0.5128253102302551,0.788529098033905,0.5153647065162659,0,219,20526,76318,19.080187,9.43352222442627,1.1920928955078125e-05,0.0,65.34493398666382
6,3,2,0.7904757261276245,0.5128267407417297,0.788529098033905,0.5153763890266418,0,219,20526,76318,0.9637108,11.068272113800049,1.1205673217773438e-05,0.0,65.34493398666382
6,4,2,0.7904757261276245,0.5128273963928223,0.788529098033905,0.5153766870498657,0,219,20526,76318,21.333088,11.398637771606445,7.081031799316406e-05,0.0,65.34493398666382
6,5,2,0.7904757261276245,0.5127848982810974,0.788529098033905,0.5153725743293762,0,219,20526,76318,5.6760654,12.006971836090088,0.0,85.7384192943573,65.34493398666382
7,1,2,0.7904757261276245,0.5128205418586731,0.788529098033905,0.5153767466545105,0,219,20526,76318,12.912838,11.820220232009888,1.6689300537109375e-05,0.0,65.34493398666382
7,2,2,0.7904757261276245,0.5128195881843567,0.788529098033905,0.5153658390045166,0,219,20526,76318,58.843864,12.476981163024902,1.1920928955078125e-05,0.0,65.34493398666382
7,3,2,0.7904757261276245,0.5128269791603088,0.788529098033905,0.5153659582138062,0,219,20526,76318,9.206211,12.790697813034058,1.0013580322265625e-05,0.0,65.34493398666382
7,4,2,0.7904757261276245,0.5128298401832581,0.788529098033905,0.5153713226318359,0,219,20526,76318,23.167759,9.380116939544678,8.821487426757812e-06,0.0,65.34493398666382
7,5,2,0.7904757261276245,0.5128153562545776,0.788529098033905,0.5153665542602539,0,219,20526,76318,22.002113,8.296123027801514,0.0,85.63185691833496,65.34493398666382
8,1,2,0.7904757261276245,0.5128178000450134,0.788529098033905,0.5153696537017822,0,219,20526,76318,49.921967,8.126760959625244,9.059906005859375e-06,0.0,65.34493398666382
8,2,2,0.7904757261276245,0.512825608253479,0.788529098033905,0.5153666138648987,0,219,20526,76318,13.582439,7.713345050811768,9.059906005859375e-06,0.0,65.34493398666382
8,3,2,0.7904757261276245,0.5128203630447388,0.788529098033905,0.5153688192367554,0,219,20526,76318,32.9247,7.926945686340332,1.0013580322265625e-05,0.0,65.34493398666382
8,4,2,0.7904757261276245,0.5127938985824585,0.788529098033905,0.5153765082359314,0,219,20526,76318,38.54797,8.264806032180786,8.821487426757812e-06,0.0,65.34493398666382
8,5,2,0.7904757261276245,0.5128251910209656,0.788529098033905,0.5153680443763733,0,219,20526,76318,8.177204,9.224246978759766,0.0,66.59036183357239,65.34493398666382
9,1,2,0.7904757261276245,0.512822687625885,0.788529098033905,0.5153738856315613,0,219,20526,76318,34.807785,7.638598918914795,1.0013580322265625e-05,0.0,65.34493398666382
9,2,2,0.7904757261276245,0.5128155946731567,0.788529098033905,0.515375018119812,0,219,20526,76318,23.680597,7.253829002380371,7.867813110351562e-06,0.0,65.34493398666382
9,3,2,0.7904757261276245,0.5128289461135864,0.788529098033905,0.5153766870498657,0,219,20526,76318,38.85433,7.107073068618774,9.775161743164062e-06,0.0,65.34493398666382
9,4,2,0.7904757261276245,0.5128217339515686,0.788529098033905,0.5153735280036926,0,219,20526,76318,38.015747,7.249998092651367,9.059906005859375e-06,0.0,65.34493398666382
9,5,2,0.7904757261276245,0.5128264427185059,0.788529098033905,0.5153763294219971,0,219,20526,76318,2.629919,8.003709077835083,0.0,59.7603018283844,65.34493398666382
10,1,2,0.7904757261276245,0.5128161311149597,0.788529098033905,0.5153751969337463,0,219,20526,76318,18.422691,8.987056970596313,1.0013580322265625e-05,0.0,65.34493398666382
10,2,2,0.7904757261276245,0.5128186941146851,0.788529098033905,0.5153627991676331,0,219,20526,76318,16.808971,7.771387100219727,8.106231689453125e-06,0.0,65.34493398666382
10,3,2,0.7904757261276245,0.5128172039985657,0.788529098033905,0.5153636336326599,0,219,20526,76318,13.266226,8.158436298370361,8.821487426757812e-06,0.0,65.34493398666382
10,4,2,0.7904757261276245,0.5128265619277954,0.788529098033905,0.5153624415397644,0,219,20526,76318,14.982178,7.749527931213379,9.298324584960938e-06,0.0,65.34493398666382
10,5,2,0.7904757261276245,0.5128310322761536,0.788529098033905,0.5153719186782837,0,219,20526,76318,35.423496,7.689069986343384,0.0,64.05203294754028,65.34493398666382
11,1,2,0.7904757261276245,0.5128152966499329,0.788529098033905,0.5153754949569702,0,219,20526,76318,37.03502,7.731322765350342,9.059906005859375e-06,0.0,65.34493398666382
11,2,2,0.7904757261276245,0.5128088593482971,0.788529098033905,0.5153837203979492,0,219,20526,76318,43.5503,7.801235914230347,1.0013580322265625e-05,0.0,65.34493398666382
11,3,2,0.7904757261276245,0.5128270983695984,0.788529098033905,0.5153720378875732,0,219,20526,76318,2.3567734,10.2882821559906,5.316734313964844e-05,0.0,65.34493398666382
11,4,2,0.7904757261276245,0.5128260254859924,0.788529098033905,0.5153728127479553,0,219,20526,76318,6.912752,7.977925062179565,8.106231689453125e-06,0.0,65.34493398666382
11,5,2,0.7904757261276245,0.5128099322319031,0.788529098033905,0.5153763890266418,0,219,20526,76318,0.5395012,8.152383089065552,0.0,66.93967008590698,65.34493398666382
12,1,2,0.7904757261276245,0.5128210186958313,0.788529098033905,0.5153626799583435,0,219,20526,76318,17.370655,8.10505223274231,1.1205673217773438e-05,0.0,65.34493398666382
12,2,2,0.7904757261276245,0.5128088593482971,0.788529098033905,0.5153734683990479,0,219,20526,76318,7.892782,7.965127229690552,9.059906005859375e-06,0.0,65.34493398666382
12,3,2,0.7904757261276245,0.5128186941146851,0.788529098033905,0.5153868198394775,0,219,20526,76318,69.418945,7.463994264602661,1.0013580322265625e-05,0.0,65.34493398666382
12,4,2,0.7904757261276245,0.5128211379051208,0.788529098033905,0.5153647661209106,0,219,20526,76318,18.574947,7.391813039779663,7.867813110351562e-06,0.0,65.34493398666382
12,5,2,0.7904757261276245,0.5128263831138611,0.788529098033905,0.5153753757476807,0,219,20526,76318,18.714014,7.451608896255493,0.0,61.972583055496216,65.34493398666382
13,1,2,0.7904757261276245,0.5127864480018616,0.788529098033905,0.5153747797012329,0,219,20526,76318,0.4005165,7.798949956893921,9.298324584960938e-06,0.0,65.34493398666382
13,2,2,0.7904757261276245,0.5128143429756165,0.788529098033905,0.5153653025627136,0,219,20526,76318,67.75102,7.0969460010528564,9.298324584960938e-06,0.0,65.34493398666382
13,3,2,0.7904757261276245,0.5128283500671387,0.788529098033905,0.5153763294219971,0,219,20526,76318,0.47857666,7.084838151931763,1.0967254638671875e-05,0.0,65.34493398666382
13,4,2,0.7904757261276245,0.5128211379051208,0.788529098033905,0.5153753757476807,0,219,20526,76318,28.434765,7.046976804733276,9.059906005859375e-06,0.0,65.34493398666382
13,5,2,0.7904757261276245,0.5128213167190552,0.788529098033905,0.5153764486312866,0,219,20526,76318,25.393454,7.275609731674194,0.0,58.70475101470947,65.34493398666382
14,1,2,0.7904757261276245,0.5128154754638672,0.788529098033905,0.5153767466545105,0,219,20526,76318,24.989695,6.991261005401611,9.298324584960938e-06,0.0,65.34493398666382
14,2,2,0.7904757261276245,0.5128207206726074,0.788529098033905,0.5153669714927673,0,219,20526,76318,89.140465,7.22031307220459,8.106231689453125e-06,0.0,65.34493398666382
14,3,2,0.7904757261276245,0.5128266215324402,0.788529098033905,0.5153681039810181,0,219,20526,76318,34.032814,7.174286127090454,8.821487426757812e-06,0.0,65.34493398666382
14,4,2,0.7904757261276245,0.5127994418144226,0.788529098033905,0.515371561050415,0,219,20526,76318,5.301346,8.032687187194824,1.0013580322265625e-05,0.0,65.34493398666382
14,5,2,0.7904757261276245,0.5128284096717834,0.788529098033905,0.5153747797012329,0,219,20526,76318,13.809946,7.9779651165008545,0.0,60.4428129196167,65.34493398666382
15,1,2,0.7904757261276245,0.5128238797187805,0.788529098033905,0.515376627445221,0,219,20526,76318,1.4159508,7.345126152038574,9.059906005859375e-06,0.0,65.34493398666382
15,2,2,0.7904757261276245,0.5128147006034851,0.788529098033905,0.5153765678405762,0,219,20526,76318,19.160013,7.469044923782349,8.821487426757812e-06,0.0,65.34493398666382
15,3,2,0.7904757261276245,0.5128141045570374,0.788529098033905,0.5153850317001343,0,219,20526,76318,50.4252,7.74797797203064,1.0013580322265625e-05,0.0,65.34493398666382
15,4,2,0.7904757261276245,0.5128025412559509,0.788529098033905,0.5153712034225464,0,219,20526,76318,62.19982,8.529345989227295,9.059906005859375e-06,0.0,65.34493398666382
15,5,2,0.7904757261276245,0.5128288269042969,0.788529098033905,0.5153642296791077,0,219,20526,76318,10.8867035,8.709628820419312,0.0,65.34494400024414,65.34493398666382
1,1,3,0.7887654900550842,1.091455476172569e+22,0.788992702960968,0.5167750120162964,0,0,20481,76582,2196.4001,8.537968873977661,0.010658979415893555,0.0,57.39676594734192
1,2,3,0.7909573912620544,0.5121738910675049,0.7911974787712097,0.5118470191955566,0,214,20267,76582,8.640263,7.706190824508667,1.0967254638671875e-05,0.0,57.39676594734192
1,3,3,0.7909573912620544,0.5121787190437317,0.7911974787712097,0.5118466019630432,0,214,20267,76582,6.838209,7.532306909561157,8.106231689453125e-06,0.0,57.39676594734192
1,4,3,0.7909573912620544,0.5121736526489258,0.7911974787712097,0.5118463039398193,0,214,20267,76582,18.665297,7.014332056045532,7.867813110351562e-06,0.0,57.39676594734192
1,5,3,0.7909573912620544,0.5121772289276123,0.7911974787712097,0.511849045753479,0,214,20267,76582,21.208645,6.947556972503662,9.059906005859375e-06,0.0,57.39676594734192
1,6,3,0.7909573912620544,0.5121732354164124,0.7911974787712097,0.5118618607521057,0,214,20267,76582,0.8308029,6.941256999969482,0.0,70.70754790306091,57.39676594734192
2,1,3,0.7909573912620544,0.512157142162323,0.7911974787712097,0.5118451714515686,0,214,20267,76582,20.494286,6.904868841171265,9.059906005859375e-06,0.0,57.39676594734192
2,2,3,0.7909573912620544,0.5121674537658691,0.7911974787712097,0.5118492841720581,0,214,20267,76582,18.488007,7.011744976043701,9.059906005859375e-06,0.0,57.39676594734192
2,3,3,0.7909573912620544,0.5121762156486511,0.7911974787712097,0.511845052242279,0,214,20267,76582,33.534653,6.932269096374512,9.059906005859375e-06,0.0,57.39676594734192
2,4,3,0.7909573912620544,0.512178897857666,0.7911974787712097,0.5118530988693237,0,214,20267,76582,45.25726,7.184250116348267,9.059906005859375e-06,0.0,57.39676594734192
2,5,3,0.7909573912620544,0.5121600031852722,0.7911974787712097,0.5118528008460999,0,214,20267,76582,3.2212753,7.004029035568237,0.0,56.275871992111206,57.39676594734192
3,1,3,0.7909573912620544,0.5121813416481018,0.7911974787712097,0.5118467211723328,0,214,20267,76582,19.12734,6.9864771366119385,1.1920928955078125e-05,0.0,57.39676594734192
3,2,3,0.7909573912620544,0.5121827721595764,0.7911974787712097,0.5118441581726074,0,214,20267,76582,56.684326,7.390273094177246,9.059906005859375e-06,0.0,57.39676594734192
3,3,3,0.7909573912620544,0.5121868252754211,0.7911974787712097,0.5118522047996521,0,214,20267,76582,36.77028,7.5448548793792725,8.106231689453125e-06,0.0,57.39676594734192
3,4,3,0.7909573912620544,0.5121685266494751,0.7911974787712097,0.5118493437767029,0,214,20267,76582,15.826572,6.963051080703735,8.106231689453125e-06,0.0,57.39676594734192
3,5,3,0.7909573912620544,0.5121752619743347,0.7911974787712097,0.5118519067764282,0,214,20267,76582,24.941051,7.758875846862793,0.0,58.062708139419556,57.39676594734192
4,1,3,0.7909573912620544,0.51218181848526,0.7911974787712097,0.5118453502655029,0,214,20267,76582,31.455946,7.777498722076416,9.059906005859375e-06,0.0,57.39676594734192
4,2,3,0.7909573912620544,0.5121590495109558,0.7911974787712097,0.511845052242279,0,214,20267,76582,13.167252,7.080608129501343,8.821487426757812e-06,0.0,57.39676594734192
4,3,3,0.7909573912620544,0.5121699571609497,0.7911974787712097,0.5118473768234253,0,214,20267,76582,7.5645866,6.986342906951904,8.821487426757812e-06,0.0,57.39676594734192
4,4,3,0.7909573912620544,0.5121867060661316,0.7911974787712097,0.5118470788002014,0,214,20267,76582,8.459496,7.021088123321533,7.867813110351562e-06,0.0,57.39676594734192
4,5,3,0.7909573912620544,0.5121633410453796,0.7911974787712097,0.5118448138237,0,214,20267,76582,32.53955,7.631810665130615,0.0,58.08183193206787,57.39676594734192
5,1,3,0.7909573912620544,0.5121799111366272,0.7911974787712097,0.5118448138237,0,214,20267,76582,33.17106,7.406652927398682,9.298324584960938e-06,0.0,57.39676594734192
5,2,3,0.7909573912620544,0.5121732950210571,0.7911974787712097,0.511848509311676,0,214,20267,76582,12.904888,8.304433107376099,9.059906005859375e-06,0.0,57.39676594734192
5,3,3,0.7909573912620544,0.5121868848800659,0.7911974787712097,0.511847198009491,0,214,20267,76582,27.619703,7.683120012283325,1.4066696166992188e-05,0.0,57.39676594734192
5,4,3,0.7909573912620544,0.5121728777885437,0.7911974787712097,0.5118474364280701,0,214,20267,76582,9.633579,7.673208713531494,8.106231689453125e-06,0.0,57.39676594734192
5,5,3,0.7909573912620544,0.5121868252754211,0.7911974787712097,0.5118489861488342,0,214,20267,76582,30.730236,7.789850950241089,0.0,61.17713212966919,57.39676594734192
6,1,3,0.7909573912620544,0.5121728777885437,0.7911974787712097,0.511849045753479,0,214,20267,76582,42.030136,7.269735813140869,1.0251998901367188e-05,0.0,57.39676594734192
6,2,3,0.7909573912620544,0.5121743083000183,0.7911974787712097,0.5118480920791626,0,214,20267,76582,40.2203,7.494271278381348,9.298324584960938e-06,0.0,57.39676594734192
6,3,3,0.7909573912620544,0.5121909379959106,0.7911974787712097,0.5118520855903625,0,214,20267,76582,57.953526,7.145817041397095,7.867813110351562e-06,0.0,57.39676594734192
6,4,3,0.7909573912620544,0.5121627449989319,0.7911974787712097,0.5118476152420044,0,214,20267,76582,11.447811,7.548611164093018,9.775161743164062e-06,0.0,57.39676594734192
6,5,3,0.7909573912620544,0.5121572613716125,0.7911974787712097,0.5118475556373596,0,214,20267,76582,29.171232,7.900594234466553,0.0,60.42228031158447,57.39676594734192
7,1,3,0.7909573912620544,0.512165904045105,0.7911974787712097,0.5118483304977417,0,214,20267,76582,16.723175,9.513947248458862,8.821487426757812e-06,0.0,57.39676594734192
7,2,3,0.7909573912620544,0.5121680498123169,0.7911974787712097,0.5118483901023865,0,214,20267,76582,13.209658,8.655376672744751,8.821487426757812e-06,0.0,57.39676594734192
7,3,3,0.7909573912620544,0.5121583938598633,0.7911974787712097,0.5118482112884521,0,214,20267,76582,14.51413,7.642650842666626,1.0013580322265625e-05,0.0,57.39676594734192
7,4,3,0.7909573912620544,0.5121633410453796,0.7911974787712097,0.5118525624275208,0,214,20267,76582,2.8697777,7.653231859207153,8.821487426757812e-06,0.0,57.39676594734192
7,5,3,0.7909573912620544,0.512162446975708,0.7911974787712097,0.5118474364280701,0,214,20267,76582,12.009756,7.541187047958374,0.0,64.69467687606812,57.39676594734192
8,1,3,0.7909573912620544,0.5121744871139526,0.7911974787712097,0.5118476748466492,0,214,20267,76582,23.92663,7.772210121154785,9.059906005859375e-06,0.0,57.39676594734192
8,2,3,0.7909573912620544,0.5121752619743347,0.7911974787712097,0.5118517875671387,0,214,20267,76582,0.9243469,8.016051054000854,1.1920928955078125e-05,0.0,57.39676594734192
8,3,3,0.7909573912620544,0.5121666193008423,0.7911974787712097,0.5118573307991028,0,214,20267,76582,60.173645,7.991101980209351,9.059906005859375e-06,0.0,57.39676594734192
8,4,3,0.7909573912620544,0.5121517777442932,0.7911974787712097,0.5118493437767029,0,214,20267,76582,11.6213665,7.323583126068115,1.0013580322265625e-05,0.0,57.39676594734192
8,5,3,0.7909573912620544,0.5121662020683289,0.7911974787712097,0.5118467807769775,0,214,20267,76582,37.869236,7.543120861053467,0.0,62.13912224769592,57.39676594734192
9,1,3,0.7909573912620544,0.5121785402297974,0.7911974787712097,0.511847198009491,0,214,20267,76582,9.381271,7.54239821434021,8.821487426757812e-06,0.0,57.39676594734192
9,2,3,0.7909573912620544,0.5121791958808899,0.7911974787712097,0.5118480920791626,0,214,20267,76582,45.971336,8.314519882202148,9.059906005859375e-06,0.0,57.39676594734192
9,3,3,0.7909573912620544,0.5121814608573914,0.7911974787712097,0.5118470788002014,0,214,20267,76582,10.003063,7.984726190567017,8.821487426757812e-06,0.0,57.39676594734192
9,4,3,0.7909573912620544,0.5121907591819763,0.7911974787712097,0.5118568539619446,0,214,20267,76582,0.22711945,7.790808200836182,8.821487426757812e-06,0.0,57.39676594734192
9,5,3,0.7909573912620544,0.5121829509735107,0.7911974787712097,0.5118529200553894,0,214,20267,76582,4.2554607,7.397273778915405,0.0,62.46786594390869,57.39676594734192
10,1,3,0.7909573912620544,0.512179970741272,0.7911974787712097,0.5118516087532043,0,214,20267,76582,0.74536896,7.4128758907318115,7.867813110351562e-06,0.0,57.39676594734192
10,2,3,0.7909573912620544,0.5121781826019287,0.7911974787712097,0.5118504762649536,0,214,20267,76582,75.49629,8.123248815536499,1.4066696166992188e-05,0.0,57.39676594734192
10,3,3,0.7909573912620544,0.5121565461158752,0.7911974787712097,0.5118487477302551,0,214,20267,76582,7.243475,7.246372938156128,9.059906005859375e-06,0.0,57.39676594734192
10,4,3,0.7909573912620544,0.5121732354164124,0.7911974787712097,0.5118639469146729,0,214,20267,76582,1.8521385,7.723954916000366,9.059906005859375e-06,0.0,57.39676594734192
10,5,3,0.7909573912620544,0.5121839046478271,0.7911974787712097,0.5118464827537537,0,214,20267,76582,19.968117,7.365456819534302,0.0,62.1566526889801,57.39676594734192
11,1,3,0.7909573912620544,0.512173593044281,0.7911974787712097,0.5118491649627686,0,214,20267,76582,38.175808,8.677424907684326,7.867813110351562e-06,0.0,57.39676594734192
11,2,3,0.7909573912620544,0.5121803283691406,0.7911974787712097,0.5118451714515686,0,214,20267,76582,55.544,7.603257894515991,8.821487426757812e-06,0.0,57.39676594734192
11,3,3,0.7909573912620544,0.5121608376502991,0.7911974787712097,0.5118492841720581,0,214,20267,76582,21.630587,7.653585910797119,1.1205673217773438e-05,0.0,57.39676594734192
11,4,3,0.7909573912620544,0.5121777653694153,0.7911974787712097,0.5118457674980164,0,214,20267,76582,69.33197,7.938394069671631,9.059906005859375e-06,0.0,57.39676594734192
11,5,3,0.7909573912620544,0.5121602416038513,0.7911974787712097,0.5118474364280701,0,214,20267,76582,24.294495,8.341163873672485,0.0,64.20162415504456,57.39676594734192
12,1,3,0.7909573912620544,0.5121846795082092,0.7911974787712097,0.511847972869873,0,214,20267,76582,26.560184,8.47486424446106,9.059906005859375e-06,0.0,57.39676594734192
12,2,3,0.7909573912620544,0.5121819376945496,0.7911974787712097,0.5118484497070312,0,214,20267,76582,17.408073,7.999635934829712,9.298324584960938e-06,0.0,57.39676594734192
12,3,3,0.7909573912620544,0.512155294418335,0.7911974787712097,0.5118494033813477,0,214,20267,76582,15.887135,8.119376182556152,9.775161743164062e-06,0.0,57.39676594734192
12,4,3,0.7909573912620544,0.5121778249740601,0.7911974787712097,0.511847198009491,0,214,20267,76582,9.404467,8.188964128494263,9.059906005859375e-06,0.0,57.39676594734192
12,5,3,0.7909573912620544,0.5121682286262512,0.7911974787712097,0.5118482708930969,0,214,20267,76582,14.301753,7.864153861999512,0.0,65.11825489997864,57.39676594734192
13,1,3,0.7909573912620544,0.5121949315071106,0.7911974787712097,0.5118527412414551,0,214,20267,76582,4.8365593,8.578752994537354,9.059906005859375e-06,0.0,57.39676594734192
13,2,3,0.7909573912620544,0.5121629238128662,0.7911974787712097,0.5118480324745178,0,214,20267,76582,12.469299,7.590559959411621,9.059906005859375e-06,0.0,57.39676594734192
13,3,3,0.7909573912620544,0.5121693015098572,0.7911974787712097,0.5118483901023865,0,214,20267,76582,33.467697,7.448314905166626,8.821487426757812e-06,0.0,57.39676594734192
13,4,3,0.7909573912620544,0.5121716260910034,0.7911974787712097,0.5118464231491089,0,214,20267,76582,19.822659,7.189356088638306,8.821487426757812e-06,0.0,57.39676594734192
13,5,3,0.7909573912620544,0.5121821761131287,0.7911974787712097,0.511847198009491,0,214,20267,76582,9.446623,7.030443906784058,0.0,60.1880099773407,57.39676594734192
14,1,3,0.7909573912620544,0.5121892690658569,0.7911974787712097,0.5118483901023865,0,214,20267,76582,16.75616,7.047386884689331,9.059906005859375e-06,0.0,57.39676594734192
14,2,3,0.7909573912620544,0.512175440788269,0.7911974787712097,0.5118499994277954,0,214,20267,76582,23.96054,6.944119215011597,8.821487426757812e-06,0.0,57.39676594734192
14,3,3,0.7909573912620544,0.5121666789054871,0.7911974787712097,0.511845588684082,0,214,20267,76582,54.581406,7.114243268966675,8.106231689453125e-06,0.0,57.39676594734192
14,4,3,0.7909573912620544,0.5121752023696899,0.7911974787712097,0.5118486285209656,0,214,20267,76582,28.846706,7.306971311569214,8.821487426757812e-06,0.0,57.39676594734192
14,5,3,0.7909573912620544,0.5121605396270752,0.7911974787712097,0.511845588684082,0,214,20267,76582,41.10928,7.222553014755249,0.0,56.720486879348755,57.39676594734192
15,1,3,0.7909573912620544,0.5121867060661316,0.7911974787712097,0.5118523836135864,0,214,20267,76582,33.80813,8.336952924728394,1.0013580322265625e-05,0.0,57.39676594734192
15,2,3,0.7909573912620544,0.5121768116950989,0.7911974787712097,0.5118492841720581,0,214,20267,76582,36.364563,6.954936981201172,9.059906005859375e-06,0.0,57.39676594734192
15,3,3,0.7909573912620544,0.5121836066246033,0.7911974787712097,0.5118470788002014,0,214,20267,76582,17.300526,7.0014660358428955,9.059906005859375e-06,0.0,57.39676594734192
15,4,3,0.7909573912620544,0.5121686458587646,0.7911974787712097,0.5118494629859924,0,214,20267,76582,54.316776,7.043671131134033,8.821487426757812e-06,0.0,57.39676594734192
15,5,3,0.7909573912620544,0.5121752619743347,0.7911974787712097,0.5118535161018372,0,214,20267,76582,4.747965,7.164384841918945,0.0,57.39677309989929,57.39676594734192
1,1,4,0.788504421710968,3.8768429050129e+25,0.787789523601532,0.5182908177375793,0,0,20598,76466,2245.9138,7.8038389682769775,0.016524076461791992,0.0,62.44356822967529
1,2,4,0.7886022925376892,0.5158027410507202,0.787789523601532,0.5168738961219788,0,0,20598,76466,13.148082,7.089603900909424,8.821487426757812e-06,0.0,62.44356822967529
1,3,4,0.7886022925376892,0.5158064365386963,0.787789523601532,0.5168680548667908,0,0,20598,76466,37.471455,7.020495653152466,8.106231689453125e-06,0.0,62.44356822967529
1,4,4,0.7886022925376892,0.5157970190048218,0.787789523601532,0.5168708562850952,0,0,20598,76466,39.73674,6.995984792709351,8.821487426757812e-06,0.0,62.44356822967529
1,5,4,0.7886022925376892,0.5157943964004517,0.787789523601532,0.5168745517730713,0,0,20598,76466,10.652317,6.9991490840911865,9.059906005859375e-06,0.0,62.44356822967529
1,6,4,0.7886022925376892,0.5158032178878784,0.787789523601532,0.5168771743774414,0,0,20598,76466,15.061159,7.024217844009399,0.0,68.6859450340271,62.44356822967529
2,1,4,0.7886022925376892,0.5158054828643799,0.787789523601532,0.5168734192848206,0,0,20598,76466,10.376852,7.090229034423828,8.106231689453125e-06,0.0,62.44356822967529
2,2,4,0.7886022925376892,0.5157985091209412,0.787789523601532,0.5168688893318176,0,0,20598,76466,41.821945,6.931474208831787,9.059906005859375e-06,0.0,62.44356822967529
2,3,4,0.7886022925376892,0.5157997608184814,0.787789523601532,0.5168733596801758,0,0,20598,76466,25.345028,7.0195839405059814,9.059906005859375e-06,0.0,62.44356822967529
2,4,4,0.7886022925376892,0.515795111656189,0.787789523601532,0.5168740749359131,0,0,20598,76466,31.97332,6.955792188644409,9.059906005859375e-06,0.0,62.44356822967529
2,5,4,0.7886022925376892,0.5158013701438904,0.787789523601532,0.5168735980987549,0,0,20598,76466,7.8099337,6.9400200843811035,0.0,55.660980224609375,62.44356822967529
3,1,4,0.7886022925376892,0.5157968401908875,0.787789523601532,0.516872763633728,0,0,20598,76466,51.92852,7.360453844070435,8.821487426757812e-06,0.0,62.44356822967529
3,2,4,0.7886022925376892,0.5157994031906128,0.787789523601532,0.5168842077255249,0,0,20598,76466,0.9761262,7.041764736175537,8.106231689453125e-06,0.0,62.44356822967529
3,3,4,0.7886022925376892,0.5157990455627441,0.787789523601532,0.5168759226799011,0,0,20598,76466,39.201294,6.969251871109009,9.059906005859375e-06,0.0,62.44356822967529
3,4,4,0.7886022925376892,0.5157989263534546,0.787789523601532,0.5168699622154236,0,0,20598,76466,18.74759,7.239697694778442,9.059906005859375e-06,0.0,62.44356822967529
3,5,4,0.7886022925376892,0.5157920122146606,0.787789523601532,0.5168728232383728,0,0,20598,76466,12.576569,6.860822916030884,0.0,56.11518406867981,62.44356822967529
4,1,4,0.7886022925376892,0.5158013105392456,0.787789523601532,0.5168834924697876,0,0,20598,76466,4.1408043,6.919376850128174,7.867813110351562e-06,0.0,62.44356822967529
4,2,4,0.7886022925376892,0.515802264213562,0.787789523601532,0.5168720483779907,0,0,20598,76466,22.24718,6.921166181564331,9.059906005859375e-06,0.0,62.44356822967529
4,3,4,0.7886022925376892,0.5158013105392456,0.787789523601532,0.5168715715408325,0,0,20598,76466,24.006104,7.013955116271973,7.867813110351562e-06,0.0,62.44356822967529
4,4,4,0.7886022925376892,0.515802264213562,0.787789523601532,0.5168800354003906,0,0,20598,76466,6.537866,6.964658975601196,8.821487426757812e-06,0.0,62.44356822967529
4,5,4,0.7886022925376892,0.5157991647720337,0.787789523601532,0.5168800354003906,0,0,20598,76466,37.67242,6.9930219650268555,0.0,55.88664889335632,62.44356822967529
5,1,4,0.7886022925376892,0.5158008933067322,0.787789523601532,0.516883373260498,0,0,20598,76466,2.86835,7.044450998306274,8.821487426757812e-06,0.0,62.44356822967529
5,2,4,0.7886022925376892,0.5157951712608337,0.787789523601532,0.5168713331222534,0,0,20598,76466,61.615276,7.196608066558838,7.867813110351562e-06,0.0,62.44356822967529
5,3,4,0.7886022925376892,0.5157990455627441,0.787789523601532,0.5168842077255249,0,0,20598,76466,1.943409,6.993303060531616,8.106231689453125e-06,0.0,62.44356822967529
5,4,4,0.7886022925376892,0.5157982707023621,0.787789523601532,0.5168778896331787,0,0,20598,76466,7.8120437,6.9503700733184814,9.059906005859375e-06,0.0,62.44356822967529
5,5,4,0.7886022925376892,0.5158003568649292,0.787789523601532,0.5168758630752563,0,0,20598,76466,33.61098,7.400109052658081,0.0,56.27146005630493,62.44356822967529
6,1,4,0.7886022925376892,0.5158023834228516,0.787789523601532,0.5168832540512085,0,0,20598,76466,3.955883,6.954195976257324,8.821487426757812e-06,0.0,62.44356822967529
6,2,4,0.7886022925376892,0.5157935619354248,0.787789523601532,0.5168731808662415,0,0,20598,76466,11.977707,7.32771110534668,8.821487426757812e-06,0.0,62.44356822967529
6,3,4,0.7886022925376892,0.5158026218414307,0.787789523601532,0.5168769359588623,0,0,20598,76466,8.26571,6.938873052597046,8.821487426757812e-06,0.0,62.44356822967529
6,4,4,0.7886022925376892,0.5158035755157471,0.787789523601532,0.5168769359588623,0,0,20598,76466,57.547756,6.997802019119263,9.059906005859375e-06,0.0,62.44356822967529
6,5,4,0.7886022925376892,0.5158024430274963,0.787789523601532,0.5168728232383728,0,0,20598,76466,9.679849,7.0347020626068115,0.0,55.73688793182373,62.44356822967529
7,1,4,0.7886022925376892,0.5157984495162964,0.787789523601532,0.5168775320053101,0,0,20598,76466,15.467628,6.90867018699646,8.821487426757812e-06,0.0,62.44356822967529
7,2,4,0.7886022925376892,0.5157986283302307,0.787789523601532,0.5168731212615967,0,0,20598,76466,42.73008,6.953602075576782,9.298324584960938e-06,0.0,62.44356822967529
7,3,4,0.7886022925376892,0.5157888531684875,0.787789523601532,0.5168800354003906,0,0,20598,76466,6.376146,6.946861028671265,8.821487426757812e-06,0.0,62.44356822967529
7,4,4,0.7886022925376892,0.5158059597015381,0.787789523601532,0.5168685913085938,0,0,20598,76466,19.02341,6.992714881896973,9.059906005859375e-06,0.0,62.44356822967529
7,5,4,0.7886022925376892,0.5158019065856934,0.787789523601532,0.5168827772140503,0,0,20598,76466,4.5720544,6.920636892318726,0.0,55.27088522911072,62.44356822967529
8,1,4,0.7886022925376892,0.5157985091209412,0.787789523601532,0.5168786644935608,0,0,20598,76466,14.534572,7.427297115325928,8.821487426757812e-06,0.0,62.44356822967529
8,2,4,0.7886022925376892,0.5157920718193054,0.787789523601532,0.5168785452842712,0,0,20598,76466,14.414876,7.034837007522583,1.0967254638671875e-05,0.0,62.44356822967529
8,3,4,0.7886022925376892,0.515788197517395,0.787789523601532,0.5168828368186951,0,0,20598,76466,4.3869166,7.467836856842041,9.059906005859375e-06,0.0,62.44356822967529
8,4,4,0.7886022925376892,0.5157884955406189,0.787789523601532,0.5168781876564026,0,0,20598,76466,41.395607,6.952443838119507,8.106231689453125e-06,0.0,62.44356822967529
8,5,4,0.7886022925376892,0.5158007740974426,0.787789523601532,0.516873836517334,0,0,20598,76466,12.046491,6.956866025924683,0.0,56.35391306877136,62.44356822967529
9,1,4,0.7886022925376892,0.5158003568649292,0.787789523601532,0.5168842673301697,0,0,20598,76466,1.9780631,6.971091032028198,9.059906005859375e-06,0.0,62.44356822967529
9,2,4,0.7886022925376892,0.5157918930053711,0.787789523601532,0.5168748497962952,0,0,20598,76466,28.424938,6.919684171676636,9.059906005859375e-06,0.0,62.44356822967529
9,3,4,0.7886022925376892,0.5158048272132874,0.787789523601532,0.5168724656105042,0,0,20598,76466,11.614375,7.067623853683472,8.344650268554688e-06,0.0,62.44356822967529
9,4,4,0.7886022925376892,0.515801727771759,0.787789523601532,0.5168880820274353,0,0,20598,76466,64.83889,6.999276876449585,9.059906005859375e-06,0.0,62.44356822967529
9,5,4,0.7886022925376892,0.5157946348190308,0.787789523601532,0.5168770551681519,0,0,20598,76466,14.96875,6.94160795211792,0.0,55.74168086051941,62.44356822967529
10,1,4,0.7886022925376892,0.5158014893531799,0.787789523601532,0.5168741941452026,0,0,20598,76466,49.43293,7.024977922439575,9.059906005859375e-06,0.0,62.44356822967529
10,2,4,0.7886022925376892,0.515799880027771,0.787789523601532,0.5168839693069458,0,0,20598,76466,1.3594422,6.974894046783447,9.059906005859375e-06,0.0,62.44356822967529
10,3,4,0.7886022925376892,0.5158027410507202,0.787789523601532,0.5168699622154236,0,0,20598,76466,18.5769,6.951110124588013,8.106231689453125e-06,0.0,62.44356822967529
10,4,4,0.7886022925376892,0.5158026218414307,0.787789523601532,0.5168723464012146,0,0,20598,76466,8.006389,7.333461046218872,8.106231689453125e-06,0.0,62.44356822967529
10,5,4,0.7886022925376892,0.5158067345619202,0.787789523601532,0.5168711543083191,0,0,20598,76466,22.306328,6.907688140869141,0.0,56.132142066955566,62.44356822967529
11,1,4,0.7886022925376892,0.515806257724762,0.787789523601532,0.5168742537498474,0,0,20598,76466,10.38779,6.976464033126831,8.821487426757812e-06,0.0,62.44356822967529
11,2,4,0.7886022925376892,0.515796959400177,0.787789523601532,0.5168742537498474,0,0,20598,76466,10.320405,7.060871839523315,8.821487426757812e-06,0.0,62.44356822967529
11,3,4,0.7886022925376892,0.51580411195755,0.787789523601532,0.5168741345405579,0,0,20598,76466,11.061005,6.989884853363037,7.867813110351562e-06,0.0,62.44356822967529
11,4,4,0.7886022925376892,0.5157967209815979,0.787789523601532,0.5168781280517578,0,0,20598,76466,42.05937,7.273618221282959,7.867813110351562e-06,0.0,62.44356822967529
11,5,4,0.7886022925376892,0.515805721282959,0.787789523601532,0.5168759226799011,0,0,20598,76466,16.374836,6.966092824935913,0.0,55.94197678565979,62.44356822967529
12,1,4,0.7886022925376892,0.5158014893531799,0.787789523601532,0.516877293586731,0,0,20598,76466,39.15185,7.14618706703186,9.298324584960938e-06,0.0,62.44356822967529
12,2,4,0.7886022925376892,0.5158032774925232,0.787789523601532,0.5168777108192444,0,0,20598,76466,39.957825,7.213189125061035,8.821487426757812e-06,0.0,62.44356822967529
12,3,4,0.7886022925376892,0.5158018469810486,0.787789523601532,0.5168753266334534,0,0,20598,76466,50.303528,7.153414964675903,7.867813110351562e-06,0.0,62.44356822967529
12,4,4,0.7886022925376892,0.5158032178878784,0.787789523601532,0.5168728828430176,0,0,20598,76466,9.995311,7.274328947067261,1.0013580322265625e-05,0.0,62.44356822967529
12,5,4,0.7886022925376892,0.5158006548881531,0.787789523601532,0.5168834924697876,0,0,20598,76466,4.114961,7.202280044555664,0.0,58.404135942459106,62.44356822967529
13,1,4,0.7886022925376892,0.5158028602600098,0.787789523601532,0.5168743133544922,0,0,20598,76466,9.116649,7.036590099334717,9.059906005859375e-06,0.0,62.44356822967529
13,2,4,0.7886022925376892,0.5157941579818726,0.787789523601532,0.5168721079826355,0,0,20598,76466,36.878296,7.008058071136475,9.059906005859375e-06,0.0,62.44356822967529
13,3,4,0.7886022925376892,0.5157971382141113,0.787789523601532,0.5168843865394592,0,0,20598,76466,0.5899434,6.9672651290893555,9.298324584960938e-06,0.0,62.44356822967529
13,4,4,0.7886022925376892,0.5158026218414307,0.787789523601532,0.5168690085411072,0,0,20598,76466,28.47456,8.638511180877686,1.0013580322265625e-05,0.0,62.44356822967529
13,5,4,0.7886022925376892,0.5158008933067322,0.787789523601532,0.5168750882148743,0,0,20598,76466,67.456825,8.07619309425354,0.0,60.987669944763184,62.44356822967529
14,1,4,0.7886022925376892,0.5157934427261353,0.787789523601532,0.516871452331543,0,0,20598,76466,38.811287,8.05040717124939,9.059906005859375e-06,0.0,62.44356822967529
14,2,4,0.7886022925376892,0.5157957077026367,0.787789523601532,0.5168685913085938,0,0,20598,76466,19.121666,7.730391979217529,9.298324584960938e-06,0.0,62.44356822967529
14,3,4,0.7886022925376892,0.5157975554466248,0.787789523601532,0.5168708562850952,0,0,20598,76466,38.28665,8.453033924102783,9.059906005859375e-06,0.0,62.44356822967529
14,4,4,0.7886022925376892,0.5157861709594727,0.787789523601532,0.516872227191925,0,0,20598,76466,55.843597,8.365150928497314,1.0013580322265625e-05,0.0,62.44356822967529
14,5,4,0.7886022925376892,0.5157926678657532,0.787789523601532,0.5168694853782654,0,0,20598,76466,74.64008,7.651607036590576,0.0,65.03375720977783,62.44356822967529
15,1,4,0.7886022925376892,0.5157979130744934,0.787789523601532,0.5168726444244385,0,0,20598,76466,12.392839,7.871031045913696,8.821487426757812e-06,0.0,62.44356822967529
15,2,4,0.7886022925376892,0.5157975554466248,0.787789523601532,0.5168745517730713,0,0,20598,76466,28.343584,8.236238956451416,9.059906005859375e-06,0.0,62.44356822967529
15,3,4,0.7886022925376892,0.5158064365386963,0.787789523601532,0.5168747305870056,0,0,20598,76466,28.507057,7.593322992324829,1.0013580322265625e-05,0.0,62.44356822967529
15,4,4,0.7886022925376892,0.515804648399353,0.787789523601532,0.5168732404708862,0,0,20598,76466,45.838585,7.52484917640686,1.3113021850585938e-05,0.0,62.44356822967529
15,5,4,0.7886022925376892,0.5157912373542786,0.787789523601532,0.5168743133544922,0,0,20598,76466,25.926006,7.9680328369140625,0.0,62.4435760974884,62.44356822967529
